epoch,time,train/box_loss,train/cls_loss,train/dfl_loss,metrics/precision(B),metrics/recall(B),metrics/mAP50(B),metrics/mAP50-95(B),val/box_loss,val/cls_loss,val/dfl_loss,lr/pg0,lr/pg1,lr/pg2
1,8.38469,3.96793,4.54204,4.27768,0,0,0,0,4.00515,4.17612,4.15912,1.429e-05,1.429e-05,1.429e-05
2,11.1531,3.86633,4.49371,4.28542,0,0,0,0,4.00529,4.17612,4.15933,4.28346e-05,4.28346e-05,4.28346e-05
3,13.843,3.89914,4.49735,4.27563,0,0,0,0,4.00534,4.17612,4.15936,7.13321e-05,7.13321e-05,7.13321e-05
4,16.5684,3.88561,4.48261,4.29377,0,0,0,0,4.00548,4.17563,4.15972,9.97824e-05,9.97824e-05,9.97824e-05
5,19.2888,3.90071,4.52321,4.28319,0,0,0,0,4.00527,4.17552,4.15959,0.000128186,0.000128186,0.000128186
6,21.9879,3.92398,4.51017,4.2816,0,0,0,0,4.00535,4.17553,4.15986,0.000156542,0.000156542,0.000156542
7,24.7323,3.90339,4.49079,4.28426,0,0,0,0,4.00517,4.17554,4.15998,0.00018485,0.00018485,0.00018485
8,27.4358,3.88545,4.49914,4.27439,0,0,0,0,4.00479,4.17256,4.16023,0.000213112,0.000213112,0.000213112
9,30.1617,3.88609,4.5199,4.29893,4e-05,0.00362,2e-05,0,4.00485,4.17263,4.1603,0.000241327,0.000241327,0.000241327
10,32.9399,3.87072,4.47796,4.25009,0,0,0,0,4.00403,4.17489,4.15974,0.000269494,0.000269494,0.000269494
11,35.6996,3.85063,4.44469,4.21199,0,0,0,0,4.00306,4.17291,4.15994,0.000297614,0.000297614,0.000297614
12,38.4748,3.77931,4.42735,4.18114,3e-05,0.00121,1e-05,0,4.0044,4.17412,4.15956,0.000325687,0.000325687,0.000325687
13,41.3111,3.71978,4.39584,4.1583,0,0,0,0,4.00414,4.17677,4.1595,0.000353713,0.000353713,0.000353713
14,44.1345,3.72418,4.36623,4.1272,3e-05,0.00121,1e-05,0,4.00498,4.17831,4.15973,0.000381692,0.000381692,0.000381692
15,46.9043,3.67848,4.34439,4.09472,3e-05,0.00121,1e-05,0,4.00441,4.17838,4.15996,0.000409624,0.000409624,0.000409624
16,49.6677,3.63199,4.30886,4.06384,0,0,0,0,4.00479,4.17807,4.1617,0.000437508,0.000437508,0.000437508
17,52.4663,3.61119,4.24597,4.00323,3e-05,0.00121,1e-05,0,4.00827,4.18212,4.16417,0.000465345,0.000465345,0.000465345
18,55.2649,3.51896,4.19279,3.94716,0,0,0,0,4.0109,4.18784,4.16812,0.000493135,0.000493135,0.000493135
19,58.0102,3.49919,4.14823,3.89348,3e-05,0.00121,1e-05,0,4.01468,4.18751,4.17321,0.000520878,0.000520878,0.000520878
20,60.7143,3.40832,4.10797,3.83111,3e-05,0.00121,1e-05,0,4.01968,4.191,4.17925,0.000548574,0.000548574,0.000548574
21,63.3535,3.33338,4.0671,3.75615,3e-05,0.00121,1e-05,0,4.02706,4.19998,4.18811,0.000576223,0.000576223,0.000576223
22,66.0008,3.30038,3.99321,3.66434,0,0,0,0,4.03396,4.21109,4.20227,0.000603824,0.000603824,0.000603824
23,68.6365,3.22087,3.9574,3.59655,2e-05,0.00121,1e-05,0,4.03673,4.21988,4.20898,0.000631379,0.000631379,0.000631379
24,71.2261,3.1692,3.88278,3.50739,2e-05,0.00121,1e-05,0,4.03846,4.23175,4.21597,0.000658886,0.000658886,0.000658886
25,73.8249,3.12373,3.82678,3.42671,2e-05,0.00121,1e-05,0,4.0355,4.24522,4.21948,0.000686346,0.000686346,0.000686346
26,76.4132,3.08323,3.78467,3.38505,0,0,0,0,4.04033,4.25683,4.22956,0.000713759,0.000713759,0.000713759
27,79.0165,3.02243,3.76368,3.30396,2e-05,0.00121,1e-05,0,4.0399,4.27582,4.2368,0.000741124,0.000741124,0.000741124
28,81.6185,2.90247,3.68502,3.1697,2e-05,0.00121,1e-05,0,4.05755,4.29315,4.25654,0.000768443,0.000768443,0.000768443
29,84.2087,2.85487,3.65167,3.10188,2e-05,0.00121,1e-05,0,4.06112,4.30775,4.25556,0.000795714,0.000795714,0.000795714
30,86.8,2.76072,3.566,3.03376,0,0,0,0,4.05327,4.32471,4.24977,0.000822939,0.000822939,0.000822939
31,89.394,2.69017,3.50203,2.94625,0,0,0,0,4.04346,4.3439,4.2424,0.000850116,0.000850116,0.000850116
32,91.9785,2.60686,3.39053,2.84674,0,0,0,0,4.00867,4.35284,4.22411,0.000877246,0.000877246,0.000877246
33,94.5651,2.52715,3.33377,2.78556,0,0,0,0,4.00892,4.37843,4.23091,0.000904328,0.000904328,0.000904328
34,97.3347,2.49595,3.27535,2.73615,0,0,0,0,3.99903,4.39878,4.23114,0.000931364,0.000931364,0.000931364
35,99.9227,2.47881,3.21511,2.67085,0,0,0,0,4,4.42401,4.24184,0.000958352,0.000958352,0.000958352
36,102.51,2.39332,3.14897,2.60338,0,0,0,0,3.97919,4.43327,4.22683,0.000985294,0.000985294,0.000985294
37,105.506,2.36388,3.08996,2.55984,0,0,0,0,3.9832,4.45683,4.23976,0.00101219,0.00101219,0.00101219
38,108.133,2.33058,3.08595,2.52036,0,0,0,0,4.01006,4.4845,4.26529,0.00103903,0.00103903,0.00103903
39,110.743,2.30558,2.95872,2.46471,0,0,0,0,4.01806,4.50081,4.26788,0.00106583,0.00106583,0.00106583
40,113.317,2.23434,2.90711,2.3982,0,0,0,0,3.99879,4.50175,4.24893,0.00109259,0.00109259,0.00109259
41,115.91,2.22756,2.87434,2.39342,0,0,0,0,4.00717,4.52013,4.25686,0.00111929,0.00111929,0.00111929
42,118.494,2.19157,2.82397,2.36353,0,0,0,0,4.06208,4.51593,4.27644,0.00114595,0.00114595,0.00114595
43,121.088,2.17401,2.78937,2.33104,0,0,0,0,4.06299,4.35754,4.26986,0.00117256,0.00117256,0.00117256
44,123.688,2.16055,2.72053,2.29813,0,0,0,0,4.04694,4.44951,4.25699,0.00119913,0.00119913,0.00119913
45,126.281,2.10652,2.65321,2.24156,0,0,0,0,4.01461,4.35663,4.23192,0.00122564,0.00122564,0.00122564
46,128.868,2.07564,2.63654,2.20767,0,0,0,0,3.96385,4.3427,4.1835,0.00125211,0.00125211,0.00125211
47,131.462,2.0665,2.62838,2.18008,0,0,0,0,3.97882,4.39035,4.20648,0.00127854,0.00127854,0.00127854
48,134.11,2.02449,2.52668,2.14468,0,0,0,0,3.89384,4.38955,4.13798,0.00130491,0.00130491,0.00130491
49,136.725,2.03558,2.48405,2.13064,3e-05,0.00121,1e-05,0,3.88878,4.41587,4.13505,0.00133124,0.00133124,0.00133124
50,139.334,1.98569,2.46998,2.12797,0.00034,0.0299,0.00023,7e-05,3.85404,4.41119,4.09886,0.00135752,0.00135752,0.00135752
51,141.924,1.95275,2.42816,2.06552,7e-05,0.01124,4e-05,2e-05,3.86912,4.41827,4.12671,0.00137005,0.00137005,0.00137005
52,144.493,1.97469,2.38863,2.07714,8e-05,0.00971,4e-05,2e-05,3.8625,4.43056,4.13354,0.00136887,0.00136887,0.00136887
53,147.063,1.93823,2.33617,2.06009,0.0001,0.00971,5e-05,2e-05,3.83785,4.4276,4.09057,0.0013677,0.0013677,0.0013677
54,149.627,1.91913,2.31677,2.02487,0.00022,0.00954,0.00012,3e-05,3.85354,4.43616,4.10795,0.00136652,0.00136652,0.00136652
55,152.193,1.91803,2.3103,2.03207,8e-05,0.00154,4e-05,1e-05,3.80552,4.36922,4.06291,0.00136534,0.00136534,0.00136534
56,154.765,1.86534,2.24683,1.9762,0.00026,0.00428,0.00016,3e-05,3.8748,4.26365,3.96697,0.00136416,0.00136416,0.00136416
57,157.535,1.87587,2.22255,1.99251,0.0003,0.00307,0.00018,3e-05,3.72658,4.33391,3.962,0.00136298,0.00136298,0.00136298
58,160.111,1.85911,2.25013,1.99043,0.00152,0.01388,0.00137,0.00039,3.74245,4.43061,3.97799,0.0013618,0.0013618,0.0013618
59,162.716,1.86926,2.2203,1.96797,0.00224,0.02656,0.00318,0.00085,3.65621,4.47342,3.90969,0.00136062,0.00136062,0.00136062
60,165.409,1.82173,2.15714,1.91436,0.00378,0.05981,0.00406,0.00155,3.41742,4.52183,3.71266,0.00135944,0.00135944,0.00135944
61,167.988,1.81356,2.13778,1.91999,0.00423,0.11824,0.00468,0.00186,3.09533,4.45015,3.45777,0.00135826,0.00135826,0.00135826
62,170.57,1.8048,2.1136,1.90394,0.00541,0.13581,0.00766,0.00247,3.035,4.38434,3.35731,0.00135709,0.00135709,0.00135709
63,173.142,1.79032,2.10601,1.89789,0.02536,0.07079,0.01301,0.004,2.92959,4.3159,3.25381,0.00135591,0.00135591,0.00135591
64,175.715,1.81095,2.11789,1.91021,0.01731,0.0344,0.00711,0.00233,3.0151,4.354,3.30396,0.00135473,0.00135473,0.00135473
65,178.293,1.77974,2.0859,1.87436,0.02342,0.02601,0.01215,0.00428,2.70392,4.13027,2.98553,0.00135355,0.00135355,0.00135355
66,180.865,1.76864,2.06763,1.87131,0.00773,0.23331,0.00928,0.00288,2.77625,4.28299,3.10411,0.00135237,0.00135237,0.00135237
67,183.478,1.77061,2.04663,1.8552,0.04548,0.0677,0.01361,0.00522,2.51434,4.10507,2.79302,0.00135119,0.00135119,0.00135119
68,186.08,1.7642,2.00922,1.8455,0.04261,0.08246,0.01601,0.00626,2.46557,4.10451,2.73602,0.00135001,0.00135001,0.00135001
69,188.727,1.76042,2.01157,1.86048,0.04968,0.10084,0.02579,0.00938,2.38601,3.8616,2.62783,0.00134883,0.00134883,0.00134883
70,191.319,1.71448,1.97679,1.82209,0.07688,0.10231,0.03394,0.01249,2.42287,3.73791,2.64035,0.00134765,0.00134765,0.00134765
71,193.91,1.73604,1.96404,1.81524,0.06336,0.12531,0.04196,0.01494,2.24044,3.74604,2.50975,0.00134648,0.00134648,0.00134648
72,196.5,1.70273,1.9283,1.80204,0.07267,0.12108,0.04272,0.01704,2.32085,3.7996,2.52433,0.0013453,0.0013453,0.0013453
73,199.113,1.67135,1.90459,1.77279,0.16093,0.19928,0.08758,0.03653,2.1798,3.43921,2.35825,0.00134412,0.00134412,0.00134412
74,201.699,1.6961,1.89565,1.77331,0.25387,0.3055,0.18455,0.08465,1.92138,2.79253,2.10643,0.00134294,0.00134294,0.00134294
75,204.275,1.67268,1.86487,1.76058,0.17109,0.20339,0.10418,0.04581,1.96639,3.1421,2.18215,0.00134176,0.00134176,0.00134176
76,206.849,1.66631,1.85883,1.75502,0.27468,0.33158,0.21091,0.09598,1.84737,2.56721,2.04882,0.00134058,0.00134058,0.00134058
77,209.434,1.66083,1.83407,1.75068,0.24918,0.29242,0.18997,0.08647,1.94758,2.72465,2.08705,0.0013394,0.0013394,0.0013394
78,212.019,1.67827,1.86009,1.7536,0.23131,0.31818,0.18049,0.08414,1.88484,2.67378,2.06141,0.00133822,0.00133822,0.00133822
79,214.632,1.64925,1.81901,1.73308,0.21721,0.35763,0.18423,0.08342,1.8932,2.74188,2.04896,0.00133704,0.00133704,0.00133704
80,217.46,1.64357,1.8183,1.72613,0.27988,0.36139,0.23195,0.10716,1.81308,2.43363,1.97454,0.00133586,0.00133586,0.00133586
81,220.048,1.62381,1.80865,1.74083,0.28332,0.41349,0.24715,0.11801,1.78285,2.36551,1.96345,0.00133469,0.00133469,0.00133469
82,222.639,1.62918,1.77794,1.72111,0.36645,0.41467,0.32281,0.16281,1.7022,2.0984,1.86621,0.00133351,0.00133351,0.00133351
83,225.413,1.6202,1.7738,1.71782,0.2932,0.36929,0.23651,0.11781,1.77824,2.40189,1.93368,0.00133233,0.00133233,0.00133233
84,228.065,1.60657,1.7306,1.69305,0.40486,0.54062,0.4222,0.22588,1.59412,1.78715,1.72198,0.00133115,0.00133115,0.00133115
85,230.656,1.60186,1.74414,1.68266,0.35075,0.32532,0.23187,0.11027,1.82312,2.43626,1.93193,0.00132997,0.00132997,0.00132997
86,233.228,1.59038,1.73846,1.68262,0.37182,0.41093,0.28524,0.14423,1.76769,2.189,1.8777,0.00132879,0.00132879,0.00132879
87,235.821,1.60198,1.72443,1.69295,0.38046,0.56579,0.35296,0.18549,1.67926,1.99851,1.78111,0.00132761,0.00132761,0.00132761
88,238.406,1.56626,1.69514,1.65945,0.39005,0.53923,0.37188,0.20051,1.63236,1.92398,1.76288,0.00132643,0.00132643,0.00132643
89,241.026,1.55984,1.67717,1.65434,0.40837,0.51512,0.41415,0.2175,1.63665,1.79637,1.74766,0.00132525,0.00132525,0.00132525
90,243.635,1.57443,1.70058,1.67625,0.36806,0.51087,0.37116,0.19238,1.64753,1.86445,1.7426,0.00132408,0.00132408,0.00132408
91,246.222,1.57952,1.71733,1.66402,0.38492,0.46414,0.31633,0.16345,1.72635,2.09071,1.84168,0.0013229,0.0013229,0.0013229
92,248.812,1.56444,1.66293,1.65289,0.40828,0.53307,0.41319,0.22494,1.62883,1.80928,1.72145,0.00132172,0.00132172,0.00132172
93,251.408,1.51319,1.64488,1.62048,0.40801,0.58233,0.44299,0.23823,1.61367,1.76242,1.73221,0.00132054,0.00132054,0.00132054
94,254.003,1.5344,1.63508,1.65056,0.43156,0.58072,0.46119,0.25757,1.57293,1.71115,1.68553,0.00131936,0.00131936,0.00131936
95,256.59,1.52675,1.62094,1.61721,0.46766,0.62412,0.50919,0.27899,1.55302,1.58598,1.67192,0.00131818,0.00131818,0.00131818
96,259.193,1.55514,1.62361,1.642,0.45272,0.63164,0.52023,0.29288,1.5506,1.54297,1.66129,0.001317,0.001317,0.001317
97,261.774,1.52883,1.62122,1.61645,0.42056,0.58242,0.47621,0.26168,1.57414,1.6707,1.6671,0.00131582,0.00131582,0.00131582
98,264.352,1.50634,1.59339,1.61943,0.38082,0.62556,0.45838,0.25468,1.54505,1.68161,1.65969,0.00131464,0.00131464,0.00131464
99,266.967,1.50454,1.59825,1.60329,0.45322,0.60265,0.50018,0.28495,1.54003,1.62127,1.65161,0.00131347,0.00131347,0.00131347
100,269.581,1.52013,1.58102,1.60014,0.5064,0.64331,0.54594,0.31951,1.49805,1.50852,1.60949,0.00131229,0.00131229,0.00131229
101,272.178,1.49344,1.55163,1.58367,0.48042,0.62402,0.53959,0.29218,1.52207,1.52473,1.65868,0.00131111,0.00131111,0.00131111
102,274.763,1.50829,1.54846,1.60334,0.4098,0.56279,0.41982,0.22365,1.64279,1.78942,1.73603,0.00130993,0.00130993,0.00130993
103,277.503,1.54042,1.59679,1.6128,0.46197,0.61777,0.53964,0.30627,1.50747,1.51847,1.62034,0.00130875,0.00130875,0.00130875
104,280.088,1.53332,1.6104,1.62389,0.44858,0.59427,0.49213,0.26836,1.57403,1.68545,1.66355,0.00130757,0.00130757,0.00130757
105,282.671,1.50237,1.56342,1.58672,0.47197,0.63845,0.52739,0.30476,1.51195,1.52985,1.62625,0.00130639,0.00130639,0.00130639
106,285.322,1.49198,1.53894,1.60124,0.43564,0.5562,0.4441,0.24379,1.58963,1.7837,1.69978,0.00130521,0.00130521,0.00130521
107,287.907,1.4837,1.53301,1.57773,0.49475,0.56947,0.53135,0.30024,1.50926,1.53499,1.62974,0.00130403,0.00130403,0.00130403
108,290.487,1.47821,1.5318,1.57344,0.45619,0.60278,0.52882,0.30114,1.52467,1.59075,1.62994,0.00130286,0.00130286,0.00130286
109,293.06,1.48104,1.49761,1.56944,0.51765,0.56576,0.51706,0.28733,1.58967,1.71917,1.68736,0.00130168,0.00130168,0.00130168
110,295.643,1.47071,1.5066,1.57847,0.48685,0.65,0.54235,0.31162,1.52579,1.61423,1.63258,0.0013005,0.0013005,0.0013005
111,298.227,1.46731,1.51296,1.57086,0.57074,0.6181,0.59228,0.33441,1.49842,1.50506,1.60413,0.00129932,0.00129932,0.00129932
112,300.808,1.44395,1.46654,1.54871,0.50825,0.61277,0.5528,0.31038,1.50788,1.5488,1.62391,0.00129814,0.00129814,0.00129814
113,303.395,1.45527,1.47542,1.56014,0.47068,0.56678,0.5165,0.28605,1.53138,1.63288,1.63389,0.00129696,0.00129696,0.00129696
114,305.974,1.48021,1.48043,1.56871,0.52354,0.66052,0.62307,0.35288,1.47442,1.40886,1.58667,0.00129578,0.00129578,0.00129578
115,308.579,1.48869,1.4942,1.57986,0.48863,0.62614,0.55025,0.30919,1.50875,1.56282,1.62058,0.0012946,0.0012946,0.0012946
116,311.168,1.50958,1.47964,1.57792,0.55053,0.64974,0.5977,0.33907,1.48527,1.42491,1.59376,0.00129342,0.00129342,0.00129342
117,313.75,1.48965,1.46895,1.55766,0.54067,0.65366,0.59525,0.32749,1.49423,1.395,1.62409,0.00129224,0.00129224,0.00129224
118,316.344,1.4279,1.45518,1.54508,0.57232,0.61611,0.57907,0.32876,1.51723,1.4772,1.6207,0.00129107,0.00129107,0.00129107
119,318.926,1.42794,1.43937,1.53026,0.53048,0.66309,0.58169,0.33691,1.46227,1.47487,1.55925,0.00128989,0.00128989,0.00128989
120,321.52,1.45165,1.46097,1.53942,0.58162,0.56774,0.60882,0.33976,1.5121,1.43005,1.61718,0.00128871,0.00128871,0.00128871
121,324.135,1.43993,1.42843,1.55025,0.52107,0.58173,0.56626,0.32885,1.5028,1.51355,1.59842,0.00128753,0.00128753,0.00128753
122,326.731,1.41992,1.40904,1.51906,0.50825,0.62104,0.54573,0.31068,1.50417,1.53023,1.61519,0.00128635,0.00128635,0.00128635
123,329.303,1.43328,1.40764,1.51903,0.65658,0.59056,0.6107,0.36595,1.42749,1.3842,1.53653,0.00128517,0.00128517,0.00128517
124,331.901,1.44387,1.42381,1.52618,0.521,0.57175,0.53179,0.29028,1.53147,1.56167,1.61752,0.00128399,0.00128399,0.00128399
125,334.49,1.42608,1.40311,1.52527,0.5376,0.55743,0.52963,0.30499,1.52229,1.47003,1.60359,0.00128281,0.00128281,0.00128281
126,337.165,1.41722,1.41312,1.51228,0.58954,0.61124,0.61112,0.35735,1.48567,1.37632,1.59033,0.00128163,0.00128163,0.00128163
127,339.771,1.41381,1.4047,1.52189,0.58986,0.66028,0.65149,0.38564,1.42109,1.32554,1.53634,0.00128046,0.00128046,0.00128046
128,342.358,1.46692,1.42253,1.54788,0.59091,0.61326,0.63156,0.36883,1.45684,1.3623,1.57475,0.00127928,0.00127928,0.00127928
129,345.02,1.41508,1.38788,1.52379,0.4911,0.61829,0.52543,0.29779,1.55633,1.54383,1.62424,0.0012781,0.0012781,0.0012781
130,347.611,1.43022,1.40192,1.50997,0.63412,0.58273,0.63458,0.36545,1.4692,1.32953,1.59169,0.00127692,0.00127692,0.00127692
131,350.207,1.41378,1.37397,1.51741,0.55489,0.66397,0.59298,0.34925,1.45655,1.3589,1.5603,0.00127574,0.00127574,0.00127574
132,352.788,1.37952,1.37865,1.49147,0.5376,0.604,0.57103,0.32659,1.44733,1.44999,1.55851,0.00127456,0.00127456,0.00127456
133,355.411,1.40785,1.39876,1.5078,0.56994,0.63963,0.65084,0.38797,1.43232,1.29583,1.525,0.00127338,0.00127338,0.00127338
134,357.996,1.40935,1.36658,1.49979,0.60337,0.65215,0.64583,0.37611,1.42295,1.26203,1.52848,0.0012722,0.0012722,0.0012722
135,360.587,1.398,1.36259,1.49046,0.60596,0.68673,0.66409,0.38532,1.44219,1.26727,1.56219,0.00127102,0.00127102,0.00127102
136,363.174,1.40844,1.32286,1.50563,0.6573,0.6336,0.67766,0.41134,1.35995,1.22419,1.48454,0.00126985,0.00126985,0.00126985
137,365.765,1.38636,1.33421,1.48696,0.64068,0.59148,0.65421,0.35957,1.48777,1.3178,1.59198,0.00126867,0.00126867,0.00126867
138,368.346,1.4264,1.35081,1.51142,0.63126,0.65648,0.67794,0.40224,1.42461,1.24324,1.51625,0.00126749,0.00126749,0.00126749
139,370.938,1.41296,1.35676,1.51116,0.59253,0.60724,0.63019,0.3647,1.49462,1.38622,1.5989,0.00126631,0.00126631,0.00126631
140,373.514,1.35125,1.32474,1.47315,0.56394,0.66623,0.6608,0.40094,1.41068,1.27887,1.51472,0.00126513,0.00126513,0.00126513
141,376.142,1.36264,1.33255,1.4793,0.56159,0.69311,0.65407,0.38748,1.44123,1.29765,1.53426,0.00126395,0.00126395,0.00126395
142,378.741,1.35244,1.28188,1.45583,0.67328,0.66193,0.68118,0.40679,1.41736,1.25989,1.525,0.00126277,0.00126277,0.00126277
143,381.327,1.36773,1.29374,1.46431,0.64757,0.67786,0.68225,0.41304,1.3787,1.22607,1.47987,0.00126159,0.00126159,0.00126159
144,384.058,1.36934,1.28757,1.47851,0.53712,0.58978,0.5532,0.30556,1.59847,1.54142,1.69146,0.00126041,0.00126041,0.00126041
145,386.64,1.35886,1.2807,1.48096,0.59852,0.65086,0.64953,0.39006,1.42364,1.32139,1.50325,0.00125923,0.00125923,0.00125923
146,389.215,1.36775,1.2892,1.46758,0.61114,0.64581,0.65568,0.38716,1.43583,1.25965,1.53789,0.00125806,0.00125806,0.00125806
147,391.8,1.34363,1.24485,1.45137,0.6258,0.69036,0.69079,0.40995,1.41183,1.2775,1.51227,0.00125688,0.00125688,0.00125688
148,394.374,1.32095,1.24213,1.4344,0.63793,0.64425,0.69954,0.40884,1.43588,1.26936,1.54276,0.0012557,0.0012557,0.0012557
149,396.99,1.3244,1.23755,1.46092,0.60498,0.69635,0.67299,0.40591,1.40988,1.29293,1.50608,0.00125452,0.00125452,0.00125452
150,399.638,1.35016,1.24487,1.44364,0.57397,0.60389,0.61386,0.33992,1.56003,1.39718,1.64266,0.00125334,0.00125334,0.00125334
151,402.218,1.36137,1.25285,1.46758,0.62606,0.66938,0.6883,0.41436,1.39704,1.29457,1.50974,0.00125216,0.00125216,0.00125216
152,404.806,1.35881,1.27875,1.45276,0.63897,0.65367,0.68865,0.38995,1.49413,1.2736,1.58564,0.00125098,0.00125098,0.00125098
153,407.404,1.34828,1.25439,1.45516,0.6987,0.67366,0.71514,0.43493,1.37865,1.17209,1.47911,0.0012498,0.0012498,0.0012498
154,409.987,1.35547,1.25188,1.44871,0.66826,0.606,0.64589,0.37438,1.48955,1.29103,1.60521,0.00124862,0.00124862,0.00124862
155,412.576,1.37376,1.24411,1.48055,0.63243,0.59192,0.59617,0.34789,1.49339,1.43475,1.57024,0.00124745,0.00124745,0.00124745
156,415.163,1.34943,1.24833,1.45591,0.69719,0.65437,0.7049,0.42635,1.37925,1.17983,1.48913,0.00124627,0.00124627,0.00124627
157,417.743,1.32081,1.22098,1.43953,0.61396,0.68241,0.66107,0.37877,1.47066,1.31872,1.58166,0.00124509,0.00124509,0.00124509
158,420.342,1.32293,1.23023,1.43363,0.62292,0.69213,0.6806,0.40003,1.41746,1.21686,1.53418,0.00124391,0.00124391,0.00124391
159,422.931,1.32389,1.23198,1.45206,0.60756,0.69125,0.69013,0.41159,1.37352,1.2154,1.50339,0.00124273,0.00124273,0.00124273
160,425.509,1.32476,1.21388,1.43423,0.64131,0.64207,0.66352,0.37715,1.4835,1.28685,1.59682,0.00124155,0.00124155,0.00124155
161,428.109,1.32314,1.22132,1.43679,0.71586,0.7109,0.77509,0.47972,1.32425,1.05323,1.43755,0.00124037,0.00124037,0.00124037
162,430.725,1.33474,1.22448,1.42962,0.68069,0.64493,0.70166,0.41222,1.45832,1.24824,1.55658,0.00123919,0.00123919,0.00123919
163,433.323,1.33618,1.19997,1.45385,0.66441,0.676,0.71802,0.43871,1.39016,1.17682,1.46843,0.00123801,0.00123801,0.00123801
164,435.908,1.31785,1.20462,1.43274,0.72181,0.68637,0.7394,0.44199,1.3896,1.14128,1.50833,0.00123684,0.00123684,0.00123684
165,438.492,1.30714,1.1913,1.42543,0.67001,0.72949,0.7477,0.44897,1.35492,1.12026,1.48004,0.00123566,0.00123566,0.00123566
166,441.078,1.31977,1.19379,1.4217,0.70693,0.72545,0.75044,0.4572,1.33548,1.10314,1.46848,0.00123448,0.00123448,0.00123448
167,443.671,1.29975,1.17984,1.41642,0.70824,0.68606,0.75752,0.46069,1.34712,1.16466,1.48122,0.0012333,0.0012333,0.0012333
168,446.244,1.31978,1.18522,1.41952,0.69745,0.66968,0.71276,0.42878,1.38222,1.22023,1.48832,0.00123212,0.00123212,0.00123212
169,448.818,1.29471,1.16737,1.41234,0.59877,0.71108,0.70587,0.42863,1.37499,1.21135,1.50062,0.00123094,0.00123094,0.00123094
170,451.398,1.29885,1.18283,1.41343,0.72748,0.71189,0.76287,0.456,1.38524,1.12143,1.5077,0.00122976,0.00122976,0.00122976
171,453.973,1.26952,1.14589,1.40239,0.68625,0.69833,0.75272,0.44321,1.39263,1.14102,1.5061,0.00122858,0.00122858,0.00122858
172,456.562,1.27056,1.14839,1.39864,0.69856,0.72656,0.75461,0.47147,1.34496,1.08081,1.46493,0.0012274,0.0012274,0.0012274
173,459.169,1.25894,1.11855,1.38092,0.7042,0.73672,0.76636,0.47016,1.31893,1.08212,1.45693,0.00122622,0.00122622,0.00122622
174,461.731,1.27425,1.12684,1.40414,0.65957,0.60301,0.64271,0.37893,1.49312,1.38719,1.58044,0.00122505,0.00122505,0.00122505
175,464.306,1.27969,1.14815,1.39187,0.70618,0.69546,0.73911,0.44234,1.38768,1.18362,1.4868,0.00122387,0.00122387,0.00122387
176,466.906,1.26427,1.13231,1.40092,0.6611,0.71735,0.7386,0.44841,1.36934,1.12153,1.48881,0.00122269,0.00122269,0.00122269
177,469.473,1.29003,1.1525,1.41089,0.72612,0.73973,0.7752,0.47644,1.31031,1.0596,1.43974,0.00122151,0.00122151,0.00122151
178,472.052,1.27463,1.15412,1.40122,0.71953,0.72544,0.76958,0.45616,1.37408,1.06998,1.49797,0.00122033,0.00122033,0.00122033
179,474.626,1.2762,1.12644,1.38657,0.63906,0.63029,0.65621,0.38887,1.41059,1.24556,1.52232,0.00121915,0.00121915,0.00121915
180,477.202,1.26526,1.10869,1.38607,0.64574,0.69768,0.75353,0.45842,1.33358,1.16342,1.46938,0.00121797,0.00121797,0.00121797
181,479.789,1.28081,1.13421,1.40075,0.7384,0.73856,0.78927,0.49878,1.30454,1.04185,1.42075,0.00121679,0.00121679,0.00121679
182,482.378,1.26681,1.09688,1.38511,0.7234,0.68847,0.76055,0.45848,1.34794,1.08373,1.46001,0.00121561,0.00121561,0.00121561
183,484.993,1.29487,1.14084,1.41005,0.72266,0.73681,0.77559,0.48107,1.31733,1.04043,1.42245,0.00121444,0.00121444,0.00121444
184,487.581,1.2629,1.10496,1.39132,0.74571,0.69706,0.78231,0.46368,1.40124,1.085,1.49649,0.00121326,0.00121326,0.00121326
185,490.152,1.27682,1.09451,1.38084,0.72038,0.71716,0.77478,0.47337,1.33526,1.08829,1.44911,0.00121208,0.00121208,0.00121208
186,492.719,1.27997,1.11086,1.40035,0.73685,0.72436,0.78194,0.48516,1.31158,1.03052,1.4627,0.0012109,0.0012109,0.0012109
187,495.3,1.26068,1.10165,1.38664,0.77609,0.73698,0.80856,0.50712,1.31443,0.97036,1.43257,0.00120972,0.00120972,0.00120972
188,497.872,1.24774,1.07154,1.37211,0.73385,0.67799,0.76945,0.47154,1.33356,1.07535,1.43898,0.00120854,0.00120854,0.00120854
189,500.445,1.25389,1.07775,1.37928,0.66385,0.75891,0.75594,0.47018,1.32588,1.04107,1.44045,0.00120736,0.00120736,0.00120736
190,503.026,1.24721,1.08556,1.36791,0.69805,0.69219,0.74317,0.46017,1.3255,1.10452,1.4384,0.00120618,0.00120618,0.00120618
191,505.603,1.22421,1.06866,1.35156,0.78817,0.71463,0.79059,0.50037,1.30527,1.01001,1.41588,0.001205,0.001205,0.001205
192,508.178,1.22292,1.04479,1.35038,0.68031,0.72561,0.72803,0.4513,1.31686,1.08643,1.43612,0.00120383,0.00120383,0.00120383
193,510.781,1.23422,1.06761,1.3619,0.79961,0.70568,0.8053,0.49685,1.33396,1.00082,1.43738,0.00120265,0.00120265,0.00120265
194,513.356,1.24405,1.06,1.37488,0.75509,0.77188,0.80908,0.50731,1.30682,0.98376,1.43501,0.00120147,0.00120147,0.00120147
195,515.949,1.2261,1.06352,1.3728,0.75571,0.69008,0.76568,0.48891,1.27454,1.02653,1.40791,0.00120029,0.00120029,0.00120029
196,518.532,1.22472,1.07321,1.35585,0.77,0.77274,0.8217,0.52352,1.28039,0.95868,1.40313,0.00119911,0.00119911,0.00119911
197,521.112,1.20889,1.02819,1.35205,0.74173,0.74931,0.80176,0.50937,1.28449,0.95789,1.41264,0.00119793,0.00119793,0.00119793
198,523.689,1.20133,1.04206,1.34432,0.76533,0.72915,0.80604,0.50367,1.30213,0.94438,1.4242,0.00119675,0.00119675,0.00119675
199,526.27,1.22528,1.04489,1.35247,0.78233,0.73933,0.8049,0.50594,1.28947,0.97142,1.40139,0.00119557,0.00119557,0.00119557
200,528.85,1.21468,1.04952,1.34619,0.7593,0.74702,0.80456,0.49793,1.30013,1.00642,1.43419,0.00119439,0.00119439,0.00119439
201,531.432,1.19776,1.01835,1.35205,0.73049,0.69056,0.7624,0.4786,1.31052,1.06162,1.43692,0.00119322,0.00119322,0.00119322
202,534.011,1.21039,1.02488,1.34585,0.74859,0.76022,0.80415,0.50787,1.28093,0.98381,1.40509,0.00119204,0.00119204,0.00119204
203,536.594,1.22072,1.03441,1.35732,0.76868,0.69143,0.76837,0.46646,1.3788,1.08262,1.47174,0.00119086,0.00119086,0.00119086
204,539.212,1.21817,1.00949,1.35336,0.80827,0.72473,0.80556,0.49576,1.32041,1.00624,1.45091,0.00118968,0.00118968,0.00118968
205,541.83,1.24915,1.02562,1.35632,0.73349,0.7578,0.81719,0.50784,1.30868,0.9884,1.4188,0.0011885,0.0011885,0.0011885
206,544.412,1.20907,1.02929,1.3396,0.68591,0.75087,0.7859,0.49765,1.2754,1.06982,1.42155,0.00118732,0.00118732,0.00118732
207,547.012,1.24733,1.04259,1.35386,0.77608,0.65944,0.76817,0.49317,1.30135,1.03321,1.42686,0.00118614,0.00118614,0.00118614
208,549.598,1.22677,1.05491,1.35714,0.73466,0.77181,0.80761,0.50885,1.27945,0.96443,1.39823,0.00118496,0.00118496,0.00118496
209,552.193,1.22205,1.03945,1.35291,0.82841,0.72701,0.82685,0.52656,1.25646,0.969,1.39748,0.00118378,0.00118378,0.00118378
210,554.794,1.18927,1.00873,1.33415,0.80839,0.69126,0.80165,0.50384,1.31425,0.99289,1.43897,0.0011826,0.0011826,0.0011826
211,557.381,1.21222,1.00653,1.32936,0.74053,0.69523,0.77339,0.46292,1.38278,1.08241,1.50788,0.00118143,0.00118143,0.00118143
212,559.962,1.19011,1.01649,1.33869,0.77993,0.71692,0.81901,0.51677,1.29012,0.95468,1.4005,0.00118025,0.00118025,0.00118025
213,562.576,1.19489,1.00176,1.333,0.74586,0.72626,0.78589,0.4893,1.31696,1.01655,1.43387,0.00117907,0.00117907,0.00117907
214,565.159,1.20806,1.01287,1.34184,0.73729,0.69922,0.78573,0.48907,1.29223,1.05977,1.40952,0.00117789,0.00117789,0.00117789
215,567.76,1.1711,0.98827,1.31547,0.74982,0.69135,0.75399,0.45958,1.34811,1.07484,1.45915,0.00117671,0.00117671,0.00117671
216,570.337,1.21463,1.00881,1.34751,0.75039,0.7996,0.82851,0.53655,1.23924,0.94099,1.38168,0.00117553,0.00117553,0.00117553
217,572.912,1.17792,0.98512,1.31634,0.71097,0.75285,0.79481,0.50469,1.24694,0.97263,1.40986,0.00117435,0.00117435,0.00117435
218,575.487,1.18079,0.9757,1.31824,0.78831,0.70236,0.80258,0.49596,1.29869,1.00509,1.43763,0.00117317,0.00117317,0.00117317
219,578.069,1.17613,0.96417,1.30784,0.81885,0.73976,0.81827,0.53006,1.25764,0.948,1.37176,0.00117199,0.00117199,0.00117199
220,580.647,1.19105,0.96235,1.31696,0.74896,0.74337,0.79776,0.49225,1.32135,0.99189,1.44683,0.00117082,0.00117082,0.00117082
221,583.233,1.19729,0.98874,1.32862,0.81261,0.76609,0.84099,0.54672,1.2307,0.8925,1.36362,0.00116964,0.00116964,0.00116964
222,585.807,1.20879,0.9821,1.32452,0.79178,0.73144,0.82943,0.50937,1.32651,0.98201,1.43553,0.00116846,0.00116846,0.00116846
223,588.376,1.20109,0.96672,1.31409,0.78572,0.77046,0.8344,0.52657,1.28425,0.92914,1.38585,0.00116728,0.00116728,0.00116728
224,590.951,1.21204,0.99224,1.34019,0.70938,0.74989,0.78283,0.48851,1.30476,1.02113,1.44115,0.0011661,0.0011661,0.0011661
225,593.558,1.20606,0.99301,1.33145,0.80675,0.76369,0.82899,0.52418,1.2587,0.92558,1.38878,0.00116492,0.00116492,0.00116492
226,596.172,1.16872,0.96897,1.32052,0.75371,0.72868,0.80358,0.50763,1.28728,0.97544,1.40998,0.00116374,0.00116374,0.00116374
227,598.772,1.18472,0.97918,1.31929,0.74168,0.77032,0.80744,0.51925,1.24861,0.9424,1.38365,0.00116256,0.00116256,0.00116256
228,601.338,1.18516,0.96942,1.31627,0.81196,0.74622,0.8352,0.52779,1.29156,0.93219,1.38762,0.00116138,0.00116138,0.00116138
229,603.911,1.21971,0.9777,1.34345,0.7609,0.7668,0.80788,0.50995,1.3118,0.94577,1.45104,0.00116021,0.00116021,0.00116021
230,606.494,1.17276,0.96045,1.32612,0.74507,0.75022,0.81065,0.52138,1.27547,0.95004,1.36904,0.00115903,0.00115903,0.00115903
231,609.083,1.18838,0.95585,1.31977,0.82474,0.75665,0.84015,0.54122,1.2408,0.91648,1.37605,0.00115785,0.00115785,0.00115785
232,611.65,1.163,0.96913,1.31719,0.77676,0.75095,0.806,0.52648,1.26249,0.93783,1.38526,0.00115667,0.00115667,0.00115667
233,614.257,1.15527,0.97043,1.3102,0.73579,0.7534,0.78488,0.49415,1.29801,0.95832,1.41497,0.00115549,0.00115549,0.00115549
234,616.821,1.14923,0.9538,1.30239,0.7828,0.79375,0.83478,0.53898,1.24994,0.89318,1.36751,0.00115431,0.00115431,0.00115431
235,619.398,1.15234,0.93932,1.30298,0.78767,0.79935,0.8284,0.53394,1.23561,0.9011,1.37764,0.00115313,0.00115313,0.00115313
236,621.973,1.15951,0.94267,1.30617,0.8091,0.7479,0.81814,0.53331,1.24335,0.9357,1.37906,0.00115195,0.00115195,0.00115195
237,624.555,1.16402,0.96683,1.31252,0.77438,0.77557,0.83142,0.53386,1.22853,0.92397,1.38342,0.00115077,0.00115077,0.00115077
238,627.136,1.14808,0.94707,1.29688,0.80269,0.77452,0.84506,0.52324,1.31605,0.89051,1.44133,0.00114959,0.00114959,0.00114959
239,629.724,1.15082,0.93787,1.29727,0.84023,0.7719,0.84743,0.54244,1.25474,0.87795,1.39137,0.00114842,0.00114842,0.00114842
240,632.294,1.14106,0.93468,1.29097,0.80951,0.72321,0.82581,0.54252,1.22668,0.9245,1.36892,0.00114724,0.00114724,0.00114724
241,634.879,1.13497,0.92516,1.29596,0.83707,0.76593,0.84308,0.54461,1.22666,0.87655,1.37468,0.00114606,0.00114606,0.00114606
242,637.52,1.12448,0.92802,1.27539,0.83571,0.78147,0.85923,0.56311,1.22515,0.84384,1.3607,0.00114488,0.00114488,0.00114488
243,640.098,1.13828,0.91925,1.28103,0.81304,0.76279,0.82118,0.52318,1.2562,0.90651,1.39312,0.0011437,0.0011437,0.0011437
244,642.681,1.13411,0.91786,1.28078,0.83935,0.79638,0.86375,0.55328,1.2686,0.838,1.37006,0.00114252,0.00114252,0.00114252
245,645.435,1.16269,0.95364,1.306,0.83642,0.76031,0.84163,0.52555,1.29708,0.86968,1.43653,0.00114134,0.00114134,0.00114134
246,648.027,1.14683,0.92871,1.29384,0.81564,0.76016,0.83929,0.53323,1.27631,0.89422,1.39087,0.00114016,0.00114016,0.00114016
247,650.63,1.14538,0.91697,1.28773,0.87973,0.74189,0.85184,0.54235,1.25041,0.87267,1.37806,0.00113898,0.00113898,0.00113898
248,653.211,1.14657,0.92826,1.27761,0.82035,0.76553,0.82213,0.52011,1.27213,0.91767,1.39278,0.00113781,0.00113781,0.00113781
249,655.783,1.16526,0.93399,1.29801,0.82384,0.77571,0.84764,0.5323,1.25301,0.87016,1.36039,0.00113663,0.00113663,0.00113663
250,658.358,1.14739,0.93552,1.28402,0.82145,0.78279,0.84234,0.53352,1.26877,0.88668,1.38811,0.00113545,0.00113545,0.00113545
251,660.937,1.11822,0.89673,1.26665,0.85076,0.77103,0.86596,0.56196,1.23444,0.86385,1.36034,0.00113427,0.00113427,0.00113427
252,663.515,1.14288,0.91565,1.28531,0.853,0.7954,0.8634,0.56633,1.22256,0.85653,1.35206,0.00113309,0.00113309,0.00113309
253,666.111,1.12453,0.91819,1.2831,0.8308,0.77847,0.85523,0.55874,1.20635,0.8656,1.33915,0.00113191,0.00113191,0.00113191
254,668.739,1.09322,0.87698,1.25645,0.84716,0.74677,0.85485,0.54317,1.26765,0.90196,1.3882,0.00113073,0.00113073,0.00113073
255,671.308,1.1068,0.88196,1.25548,0.79505,0.78701,0.83637,0.53629,1.24716,0.89296,1.37524,0.00112955,0.00112955,0.00112955
256,673.949,1.10451,0.87409,1.26978,0.82608,0.77093,0.85231,0.54775,1.25092,0.89902,1.3817,0.00112837,0.00112837,0.00112837
257,676.525,1.13884,0.89733,1.2735,0.84728,0.78368,0.86624,0.56691,1.20276,0.83159,1.33348,0.0011272,0.0011272,0.0011272
258,679.105,1.12044,0.90204,1.2845,0.80003,0.78788,0.84583,0.55932,1.22088,0.86586,1.33213,0.00112602,0.00112602,0.00112602
259,681.69,1.1187,0.89957,1.27573,0.84222,0.78358,0.85255,0.56133,1.21941,0.88288,1.35194,0.00112484,0.00112484,0.00112484
260,684.256,1.08082,0.85981,1.25125,0.85697,0.78803,0.87092,0.56755,1.2291,0.83744,1.33808,0.00112366,0.00112366,0.00112366
261,686.832,1.0841,0.85888,1.24649,0.7501,0.79287,0.79948,0.52247,1.23421,0.94713,1.34256,0.00112248,0.00112248,0.00112248
262,689.403,1.11433,0.90647,1.26678,0.83143,0.78635,0.85391,0.55983,1.22799,0.85784,1.35043,0.0011213,0.0011213,0.0011213
263,691.969,1.07311,0.87267,1.25241,0.85341,0.78594,0.87137,0.57156,1.19783,0.82274,1.33462,0.00112012,0.00112012,0.00112012
264,694.547,1.09953,0.8816,1.25737,0.84225,0.79396,0.86804,0.55246,1.24128,0.83986,1.36848,0.00111894,0.00111894,0.00111894
265,697.294,1.13237,0.91449,1.28437,0.84225,0.80195,0.85903,0.55964,1.20692,0.80335,1.33294,0.00111776,0.00111776,0.00111776
266,699.881,1.09342,0.87585,1.25583,0.86181,0.79079,0.87203,0.56821,1.19153,0.79969,1.32726,0.00111658,0.00111658,0.00111658
267,702.499,1.07812,0.85427,1.25288,0.82713,0.80509,0.86272,0.57162,1.19649,0.82152,1.33377,0.00111541,0.00111541,0.00111541
268,705.266,1.11759,0.88687,1.26117,0.81396,0.78744,0.86365,0.56452,1.20406,0.8399,1.34822,0.00111423,0.00111423,0.00111423
269,707.831,1.11431,0.85846,1.25811,0.8233,0.8025,0.86937,0.56984,1.21654,0.81887,1.32085,0.00111305,0.00111305,0.00111305
270,710.403,1.12622,0.89171,1.27089,0.84708,0.79546,0.86932,0.55371,1.26287,0.82459,1.38631,0.00111187,0.00111187,0.00111187
271,712.965,1.11346,0.86884,1.25462,0.83425,0.77647,0.85102,0.55811,1.20842,0.85574,1.32651,0.00111069,0.00111069,0.00111069
272,715.534,1.08834,0.86462,1.25202,0.85379,0.7785,0.86687,0.58213,1.17701,0.81081,1.32017,0.00110951,0.00110951,0.00110951
273,718.119,1.10164,0.86734,1.25885,0.84382,0.78756,0.87412,0.57773,1.20989,0.80057,1.31617,0.00110833,0.00110833,0.00110833
274,720.672,1.08637,0.84078,1.25068,0.88184,0.75418,0.8736,0.5732,1.19802,0.81753,1.36302,0.00110715,0.00110715,0.00110715
275,723.238,1.10877,0.85741,1.26546,0.84487,0.81638,0.87749,0.58705,1.17977,0.7865,1.32302,0.00110597,0.00110597,0.00110597
276,725.81,1.07633,0.85426,1.24064,0.86748,0.82437,0.87631,0.59725,1.15983,0.7883,1.31294,0.0011048,0.0011048,0.0011048
277,728.384,1.07067,0.8375,1.23808,0.82091,0.80394,0.85304,0.56705,1.18885,0.83094,1.32766,0.00110362,0.00110362,0.00110362
278,730.976,1.07,0.84293,1.24424,0.81845,0.82256,0.86179,0.56645,1.18566,0.82372,1.32369,0.00110244,0.00110244,0.00110244
279,733.564,1.09483,0.8791,1.25855,0.83379,0.79139,0.85506,0.55608,1.20775,0.8181,1.36068,0.00110126,0.00110126,0.00110126
280,736.142,1.0662,0.84653,1.24062,0.80486,0.77252,0.85104,0.54692,1.2239,0.87917,1.3774,0.00110008,0.00110008,0.00110008
281,738.738,1.08719,0.84778,1.24545,0.84964,0.79788,0.87305,0.58301,1.18087,0.79784,1.33118,0.0010989,0.0010989,0.0010989
282,741.309,1.07624,0.82542,1.23848,0.87871,0.80364,0.87181,0.57961,1.18287,0.79133,1.32564,0.00109772,0.00109772,0.00109772
283,743.876,1.05226,0.81776,1.22577,0.83741,0.81751,0.8667,0.56186,1.21513,0.80127,1.36499,0.00109654,0.00109654,0.00109654
284,746.456,1.06995,0.84148,1.24473,0.852,0.80427,0.87939,0.56588,1.22703,0.79402,1.35219,0.00109536,0.00109536,0.00109536
285,749.035,1.08089,0.83484,1.23672,0.84959,0.78089,0.86702,0.57463,1.18843,0.81704,1.33372,0.00109419,0.00109419,0.00109419
286,751.606,1.05822,0.82414,1.23389,0.84915,0.83881,0.87541,0.58729,1.15537,0.76336,1.30365,0.00109301,0.00109301,0.00109301
287,754.19,1.05826,0.8364,1.22913,0.81644,0.81693,0.86594,0.57643,1.18604,0.78927,1.33341,0.00109183,0.00109183,0.00109183
288,756.822,1.08106,0.84332,1.24914,0.8222,0.81363,0.86315,0.57902,1.16308,0.80855,1.30157,0.00109065,0.00109065,0.00109065
289,759.427,1.07388,0.83766,1.23386,0.847,0.80706,0.86343,0.56688,1.19675,0.81906,1.33532,0.00108947,0.00108947,0.00108947
290,762.012,1.08424,0.83389,1.24501,0.87088,0.76817,0.86062,0.56005,1.24606,0.84991,1.36998,0.00108829,0.00108829,0.00108829
291,764.585,1.06728,0.81666,1.23394,0.85874,0.8304,0.87607,0.58382,1.16519,0.79903,1.30522,0.00108711,0.00108711,0.00108711
292,767.157,1.05455,0.82939,1.23305,0.83887,0.80614,0.87576,0.57763,1.1906,0.83294,1.33034,0.00108593,0.00108593,0.00108593
293,769.744,1.05185,0.81285,1.22223,0.83503,0.79478,0.86718,0.58364,1.15226,0.82257,1.31019,0.00108475,0.00108475,0.00108475
294,772.314,1.03995,0.81051,1.22998,0.8519,0.80533,0.87995,0.59366,1.15693,0.79597,1.29385,0.00108357,0.00108357,0.00108357
295,774.903,1.06349,0.80844,1.22752,0.85706,0.79387,0.87308,0.58335,1.18027,0.81962,1.30227,0.0010824,0.0010824,0.0010824
296,777.481,1.07458,0.851,1.23462,0.84795,0.79331,0.86695,0.57805,1.20012,0.81718,1.30457,0.00108122,0.00108122,0.00108122
297,780.058,1.04366,0.78985,1.21587,0.8863,0.8142,0.88333,0.587,1.17435,0.79042,1.31821,0.00108004,0.00108004,0.00108004
298,782.646,1.04501,0.80407,1.22926,0.88204,0.80571,0.8896,0.59507,1.16462,0.78291,1.30866,0.00107886,0.00107886,0.00107886
299,785.228,1.0334,0.79358,1.22268,0.89181,0.81106,0.88801,0.60079,1.15576,0.76502,1.28075,0.00107768,0.00107768,0.00107768
300,787.797,1.07691,0.8166,1.23431,0.88501,0.83118,0.89253,0.60055,1.14857,0.75543,1.28708,0.0010765,0.0010765,0.0010765
301,790.374,1.04249,0.79827,1.21954,0.85924,0.83074,0.88478,0.5874,1.17214,0.7752,1.3044,0.00107532,0.00107532,0.00107532
302,792.945,1.05042,0.79991,1.22704,0.88222,0.80044,0.88138,0.58458,1.15212,0.76704,1.29464,0.00107414,0.00107414,0.00107414
303,795.511,1.0749,0.83717,1.23147,0.84013,0.77022,0.8531,0.56495,1.1837,0.85191,1.3066,0.00107296,0.00107296,0.00107296
304,798.089,1.05546,0.81859,1.2152,0.88614,0.78377,0.87263,0.58038,1.15886,0.78907,1.28547,0.00107179,0.00107179,0.00107179
305,800.654,1.03941,0.80592,1.2006,0.85869,0.80505,0.86839,0.54348,1.2595,0.8282,1.40468,0.00107061,0.00107061,0.00107061
306,803.216,1.07925,0.8255,1.24094,0.87329,0.80037,0.87958,0.56915,1.19632,0.80987,1.32663,0.00106943,0.00106943,0.00106943
307,805.79,1.04659,0.80817,1.21296,0.88546,0.8158,0.88078,0.5757,1.15818,0.76267,1.31024,0.00106825,0.00106825,0.00106825
308,808.358,1.04394,0.80393,1.22437,0.9027,0.80729,0.8872,0.59211,1.15588,0.76617,1.28691,0.00106707,0.00106707,0.00106707
309,810.966,1.05253,0.80465,1.21933,0.85006,0.80366,0.87309,0.56746,1.20902,0.82415,1.33658,0.00106589,0.00106589,0.00106589
310,813.57,1.03397,0.81175,1.2137,0.85118,0.82642,0.88066,0.58554,1.14894,0.76978,1.29721,0.00106471,0.00106471,0.00106471
311,816.143,1.03407,0.79164,1.20839,0.87457,0.79786,0.87774,0.59979,1.13928,0.77707,1.28308,0.00106353,0.00106353,0.00106353
312,818.709,1.01497,0.80706,1.2,0.81756,0.78958,0.85075,0.56361,1.17681,0.84983,1.31684,0.00106235,0.00106235,0.00106235
313,821.282,1.01242,0.78367,1.19903,0.87319,0.81562,0.87053,0.59415,1.11885,0.79131,1.27878,0.00106118,0.00106118,0.00106118
314,823.846,1.01263,0.78835,1.20148,0.86998,0.85369,0.89985,0.61237,1.1225,0.72101,1.271,0.00106,0.00106,0.00106
315,826.425,1.00738,0.79406,1.19129,0.83784,0.77922,0.85682,0.57054,1.1915,0.82957,1.32341,0.00105882,0.00105882,0.00105882
316,829.732,1.01316,0.76798,1.20182,0.8558,0.80533,0.86013,0.57665,1.17363,0.78962,1.30992,0.00105764,0.00105764,0.00105764
317,832.326,1.02843,0.79355,1.20636,0.86023,0.80772,0.88041,0.58454,1.17365,0.78248,1.30287,0.00105646,0.00105646,0.00105646
318,834.901,1.01849,0.78427,1.20579,0.88876,0.81353,0.87817,0.5868,1.14884,0.75855,1.2872,0.00105528,0.00105528,0.00105528
319,837.486,0.9935,0.77652,1.20099,0.88541,0.83846,0.89229,0.60821,1.13638,0.72978,1.27715,0.0010541,0.0010541,0.0010541
320,840.072,1.01879,0.77905,1.19709,0.85108,0.84488,0.87896,0.59422,1.14377,0.74961,1.29454,0.00105292,0.00105292,0.00105292
321,842.66,1.03042,0.80008,1.21362,0.88023,0.8216,0.88401,0.59923,1.12661,0.73367,1.27256,0.00105174,0.00105174,0.00105174
322,845.24,1.01924,0.77475,1.19261,0.89143,0.81138,0.88555,0.58346,1.17381,0.76206,1.31465,0.00105057,0.00105057,0.00105057
323,847.814,1.0085,0.76954,1.19159,0.86497,0.78157,0.86117,0.5657,1.19901,0.81339,1.32031,0.00104939,0.00104939,0.00104939
324,850.385,1.02917,0.77372,1.20314,0.84569,0.8395,0.88891,0.59466,1.14992,0.74031,1.29083,0.00104821,0.00104821,0.00104821
325,852.97,1.04002,0.79535,1.20775,0.89396,0.81835,0.90181,0.59955,1.15073,0.72105,1.2986,0.00104703,0.00104703,0.00104703
326,855.551,1.00192,0.75609,1.18228,0.87522,0.82015,0.88613,0.58945,1.17825,0.76111,1.31054,0.00104585,0.00104585,0.00104585
327,858.139,1.01206,0.77315,1.20049,0.91116,0.84857,0.90869,0.60309,1.13806,0.69576,1.29301,0.00104467,0.00104467,0.00104467
328,860.714,1.00206,0.7567,1.18909,0.89184,0.81101,0.89042,0.59754,1.12579,0.72774,1.26679,0.00104349,0.00104349,0.00104349
329,863.296,1.01763,0.77626,1.19256,0.85804,0.8043,0.86431,0.55094,1.25562,0.79209,1.40439,0.00104231,0.00104231,0.00104231
330,865.904,1.03219,0.7757,1.21205,0.89884,0.8296,0.88956,0.59937,1.14022,0.73801,1.28261,0.00104113,0.00104113,0.00104113
331,868.489,1.03934,0.79142,1.1952,0.89209,0.82009,0.88846,0.59698,1.15038,0.7505,1.29966,0.00103995,0.00103995,0.00103995
332,871.053,1.02746,0.78311,1.20473,0.8829,0.81007,0.89226,0.59617,1.13669,0.74747,1.27648,0.00103878,0.00103878,0.00103878
333,873.632,1.00682,0.75697,1.17348,0.89094,0.8023,0.8872,0.58413,1.15839,0.74407,1.31039,0.0010376,0.0010376,0.0010376
334,876.207,1.01397,0.76155,1.20283,0.89532,0.798,0.8901,0.59822,1.14945,0.7423,1.28862,0.00103642,0.00103642,0.00103642
335,878.798,1.00328,0.75629,1.18407,0.86068,0.84716,0.90325,0.60822,1.13696,0.72453,1.29396,0.00103524,0.00103524,0.00103524
336,881.372,1.01021,0.74374,1.19607,0.89108,0.81948,0.8955,0.60667,1.13266,0.72141,1.29017,0.00103406,0.00103406,0.00103406
337,883.947,1.01552,0.75022,1.18563,0.88551,0.84126,0.9006,0.60207,1.14453,0.71597,1.29228,0.00103288,0.00103288,0.00103288
338,886.52,0.98822,0.74448,1.1855,0.87831,0.83529,0.89066,0.6022,1.13594,0.71995,1.28403,0.0010317,0.0010317,0.0010317
339,889.105,0.97519,0.7284,1.17193,0.9147,0.81731,0.89377,0.60903,1.11242,0.71084,1.28023,0.00103052,0.00103052,0.00103052
340,891.684,0.96978,0.73621,1.17309,0.87907,0.83633,0.89165,0.60607,1.10806,0.72058,1.27213,0.00102934,0.00102934,0.00102934
341,894.266,0.96556,0.73322,1.16947,0.86721,0.84141,0.89579,0.62216,1.08914,0.70403,1.26132,0.00102817,0.00102817,0.00102817
342,896.852,0.97136,0.73232,1.17202,0.90531,0.84783,0.90038,0.62544,1.08755,0.69187,1.25247,0.00102699,0.00102699,0.00102699
343,899.43,0.99975,0.74453,1.17923,0.93413,0.81431,0.89754,0.61645,1.10079,0.71129,1.2588,0.00102581,0.00102581,0.00102581
344,902.01,0.94985,0.72021,1.15179,0.92365,0.82906,0.90273,0.61884,1.09499,0.71247,1.2619,0.00102463,0.00102463,0.00102463
345,904.587,1.01128,0.75095,1.18106,0.91407,0.81138,0.89213,0.60158,1.13747,0.75132,1.29089,0.00102345,0.00102345,0.00102345
346,907.159,1.02237,0.75911,1.19965,0.89127,0.84654,0.89228,0.6023,1.13657,0.75526,1.29559,0.00102227,0.00102227,0.00102227
347,909.746,1.03334,0.75645,1.20161,0.87149,0.84069,0.88903,0.60432,1.16186,0.75306,1.28263,0.00102109,0.00102109,0.00102109
348,912.314,1.02621,0.75893,1.19749,0.89795,0.82559,0.89826,0.61916,1.12573,0.73141,1.27495,0.00101991,0.00101991,0.00101991
349,914.884,0.99923,0.73846,1.17674,0.88618,0.84868,0.89655,0.61721,1.12807,0.70664,1.26814,0.00101873,0.00101873,0.00101873
350,917.487,0.96751,0.72392,1.17184,0.89771,0.84232,0.90146,0.61539,1.11803,0.70394,1.27802,0.00101756,0.00101756,0.00101756
351,920.089,0.96139,0.72373,1.16504,0.91063,0.82355,0.8931,0.61628,1.13865,0.71345,1.28023,0.00101638,0.00101638,0.00101638
352,922.651,0.96673,0.72224,1.16719,0.88161,0.83883,0.88776,0.60763,1.12676,0.72916,1.28346,0.0010152,0.0010152,0.0010152
353,925.226,1.01503,0.75141,1.19411,0.88476,0.8309,0.88526,0.59501,1.16756,0.74123,1.31684,0.00101402,0.00101402,0.00101402
354,927.793,1.02869,0.75815,1.19963,0.86106,0.84281,0.8799,0.60075,1.12282,0.71954,1.2755,0.00101284,0.00101284,0.00101284
355,930.361,0.98879,0.73757,1.1834,0.88475,0.83289,0.87745,0.60301,1.11977,0.71661,1.27817,0.00101166,0.00101166,0.00101166
356,932.937,0.99184,0.73607,1.18314,0.89942,0.84981,0.90268,0.61508,1.1325,0.6899,1.27852,0.00101048,0.00101048,0.00101048
357,935.517,0.98256,0.73002,1.17583,0.89914,0.824,0.89728,0.61514,1.10902,0.69879,1.26528,0.0010093,0.0010093,0.0010093
358,938.086,0.969,0.72168,1.1744,0.91052,0.83958,0.89966,0.6157,1.13291,0.69001,1.26987,0.00100812,0.00100812,0.00100812
359,940.656,0.96748,0.71878,1.16928,0.8973,0.84523,0.90443,0.62396,1.11493,0.6804,1.25713,0.00100694,0.00100694,0.00100694
360,943.213,0.96388,0.71418,1.16538,0.91035,0.8367,0.90801,0.62142,1.12363,0.68632,1.27359,0.00100577,0.00100577,0.00100577
361,945.793,0.96996,0.71948,1.16704,0.90218,0.83305,0.9098,0.61657,1.13406,0.69866,1.26989,0.00100459,0.00100459,0.00100459
362,948.364,0.96109,0.71133,1.16152,0.91337,0.82512,0.8866,0.60752,1.10713,0.70698,1.25555,0.00100341,0.00100341,0.00100341
363,950.933,0.97835,0.72772,1.18853,0.91022,0.83738,0.9072,0.62217,1.11926,0.6823,1.25682,0.00100223,0.00100223,0.00100223
364,953.51,0.96838,0.71755,1.1636,0.88746,0.83621,0.89672,0.62321,1.10584,0.71158,1.24636,0.00100105,0.00100105,0.00100105
365,956.093,0.95661,0.70582,1.15925,0.89692,0.7942,0.88029,0.6054,1.13438,0.74853,1.26219,0.000999871,0.000999871,0.000999871
366,958.667,0.97317,0.71464,1.15952,0.8846,0.82626,0.89142,0.6115,1.12892,0.74253,1.26767,0.000998692,0.000998692,0.000998692
367,961.253,0.96062,0.71787,1.15749,0.89536,0.83483,0.89579,0.61865,1.10059,0.70796,1.25279,0.000997513,0.000997513,0.000997513
368,963.84,0.9629,0.70864,1.16115,0.89755,0.8377,0.89226,0.60948,1.11174,0.70015,1.2475,0.000996335,0.000996335,0.000996335
369,966.411,0.95652,0.70563,1.1506,0.90684,0.82141,0.89669,0.61528,1.11138,0.69636,1.25674,0.000995156,0.000995156,0.000995156
370,968.994,0.97109,0.70495,1.16057,0.86681,0.85506,0.8992,0.62073,1.1047,0.7125,1.23997,0.000993977,0.000993977,0.000993977
371,971.623,0.96745,0.72207,1.15742,0.88964,0.81532,0.88726,0.61486,1.10272,0.72854,1.2561,0.000992798,0.000992798,0.000992798
372,974.211,0.97348,0.73087,1.1737,0.87424,0.83878,0.89175,0.61463,1.11323,0.70962,1.2505,0.000991619,0.000991619,0.000991619
373,976.796,0.98979,0.72554,1.16526,0.90275,0.82021,0.88666,0.60153,1.13089,0.73759,1.29181,0.00099044,0.00099044,0.00099044
374,979.376,0.99228,0.72094,1.17293,0.90877,0.81045,0.89822,0.62018,1.11276,0.69918,1.25192,0.000989261,0.000989261,0.000989261
375,981.948,0.97486,0.72337,1.16346,0.91357,0.80916,0.89215,0.61436,1.10115,0.71803,1.26259,0.000988082,0.000988082,0.000988082
376,984.528,0.97696,0.72024,1.17189,0.90207,0.82461,0.89742,0.61554,1.12752,0.7177,1.25726,0.000986903,0.000986903,0.000986903
377,987.105,0.9679,0.71112,1.14969,0.92063,0.83316,0.90285,0.61814,1.1167,0.69008,1.25446,0.000985724,0.000985724,0.000985724
378,989.68,0.94995,0.7023,1.15112,0.85725,0.78316,0.8682,0.57538,1.1657,0.77638,1.30775,0.000984545,0.000984545,0.000984545
379,992.275,1.00257,0.74136,1.1758,0.88538,0.81797,0.88937,0.60919,1.11618,0.73595,1.25213,0.000983366,0.000983366,0.000983366
380,994.841,0.98919,0.73994,1.16387,0.86435,0.84165,0.89083,0.59978,1.17778,0.71861,1.29114,0.000982187,0.000982187,0.000982187
381,997.532,0.96133,0.71453,1.15445,0.88988,0.84376,0.90614,0.6288,1.06977,0.67902,1.24069,0.000981008,0.000981008,0.000981008
382,1000.13,0.99648,0.71156,1.17182,0.9029,0.79594,0.89286,0.6126,1.0945,0.72175,1.24677,0.00097983,0.00097983,0.00097983
383,1002.7,0.9633,0.71754,1.15309,0.89,0.82558,0.89113,0.60954,1.1263,0.73616,1.27093,0.000978651,0.000978651,0.000978651
384,1005.33,0.95946,0.7105,1.15174,0.89248,0.83265,0.89797,0.61791,1.09066,0.69877,1.2295,0.000977472,0.000977472,0.000977472
385,1007.92,0.96875,0.70969,1.16241,0.84796,0.8389,0.88273,0.6054,1.10105,0.72162,1.26441,0.000976293,0.000976293,0.000976293
386,1010.5,0.94358,0.70056,1.14708,0.90866,0.82331,0.89902,0.61984,1.06902,0.71,1.23107,0.000975114,0.000975114,0.000975114
387,1013.07,0.95813,0.70548,1.15373,0.89367,0.82261,0.89394,0.62465,1.0717,0.70299,1.22156,0.000973935,0.000973935,0.000973935
388,1015.66,0.91006,0.68385,1.13725,0.85111,0.85882,0.89472,0.62701,1.08586,0.69358,1.24552,0.000972756,0.000972756,0.000972756
389,1018.23,0.96356,0.7002,1.15327,0.86221,0.83029,0.89133,0.61716,1.09846,0.70944,1.26579,0.000971577,0.000971577,0.000971577
390,1020.81,0.94143,0.70197,1.14455,0.86392,0.80388,0.87422,0.5943,1.12941,0.76383,1.28043,0.000970398,0.000970398,0.000970398
391,1023.4,0.9499,0.70088,1.15815,0.9233,0.8249,0.89787,0.62338,1.08309,0.69296,1.25337,0.000969219,0.000969219,0.000969219
392,1025.99,0.93138,0.6949,1.14502,0.90011,0.84758,0.89688,0.6168,1.10182,0.69002,1.25479,0.00096804,0.00096804,0.00096804
393,1028.57,0.91879,0.67793,1.14473,0.8832,0.8338,0.90545,0.62248,1.09567,0.6851,1.25064,0.000966861,0.000966861,0.000966861
394,1031.15,0.93722,0.68763,1.1504,0.87721,0.85792,0.91298,0.63708,1.07121,0.67257,1.2266,0.000965682,0.000965682,0.000965682
395,1033.72,0.92822,0.67621,1.14036,0.9244,0.82165,0.91518,0.63963,1.06896,0.66655,1.23048,0.000964504,0.000964504,0.000964504
396,1036.3,0.95043,0.6948,1.14951,0.87938,0.85927,0.90972,0.63139,1.08443,0.69191,1.2458,0.000963325,0.000963325,0.000963325
397,1038.87,0.94654,0.68587,1.14885,0.90958,0.84475,0.90987,0.63222,1.08408,0.68136,1.23787,0.000962146,0.000962146,0.000962146
398,1041.44,0.94031,0.69133,1.13775,0.89777,0.825,0.89574,0.61973,1.10126,0.69585,1.25539,0.000960967,0.000960967,0.000960967
399,1044.01,0.94944,0.69756,1.15674,0.89856,0.84097,0.90352,0.63311,1.06455,0.68294,1.21451,0.000959788,0.000959788,0.000959788
400,1046.58,0.98271,0.71012,1.15107,0.90077,0.83535,0.89867,0.63291,1.04305,0.68036,1.20945,0.000958609,0.000958609,0.000958609
401,1049.14,0.94404,0.69351,1.14429,0.91614,0.80853,0.90319,0.6239,1.07708,0.68671,1.2323,0.00095743,0.00095743,0.00095743
402,1051.73,0.94157,0.68829,1.1457,0.90162,0.8526,0.90776,0.63375,1.07971,0.69205,1.23474,0.000956251,0.000956251,0.000956251
403,1054.29,0.92488,0.67495,1.13544,0.90837,0.84473,0.90027,0.62347,1.08533,0.70065,1.23819,0.000955072,0.000955072,0.000955072
404,1056.86,0.94146,0.68674,1.14594,0.88053,0.7864,0.87513,0.58657,1.16654,0.7859,1.28936,0.000953893,0.000953893,0.000953893
405,1059.47,0.93916,0.68777,1.1395,0.89496,0.83891,0.89263,0.62016,1.07829,0.69391,1.23285,0.000952714,0.000952714,0.000952714
406,1062.04,0.94904,0.7117,1.14415,0.93254,0.80813,0.8949,0.62282,1.07149,0.70329,1.22717,0.000951535,0.000951535,0.000951535
407,1064.61,0.92374,0.69989,1.13462,0.88175,0.76929,0.86301,0.5754,1.17074,0.79278,1.29025,0.000950356,0.000950356,0.000950356
408,1067.18,0.92609,0.68533,1.12992,0.91778,0.81609,0.8965,0.62253,1.06928,0.68663,1.22408,0.000949178,0.000949178,0.000949178
409,1069.76,0.9247,0.69887,1.13839,0.8751,0.83787,0.88394,0.61156,1.08011,0.70728,1.23691,0.000947999,0.000947999,0.000947999
410,1072.33,0.92572,0.69005,1.13449,0.83642,0.819,0.86259,0.5875,1.13454,0.77477,1.27629,0.00094682,0.00094682,0.00094682
411,1074.92,0.94379,0.69648,1.14438,0.9089,0.80838,0.89205,0.61885,1.09562,0.69004,1.24906,0.000945641,0.000945641,0.000945641
412,1077.5,0.91498,0.679,1.13178,0.92872,0.83311,0.90348,0.6353,1.0433,0.65773,1.20734,0.000944462,0.000944462,0.000944462
413,1080.11,0.9473,0.6753,1.13989,0.86008,0.81852,0.87324,0.59228,1.10572,0.71558,1.25955,0.000943283,0.000943283,0.000943283
414,1082.68,0.93419,0.67421,1.1296,0.90089,0.84292,0.89289,0.62008,1.07655,0.68049,1.22821,0.000942104,0.000942104,0.000942104
415,1085.26,0.94183,0.66897,1.1313,0.89824,0.84144,0.89738,0.61894,1.08053,0.69575,1.25062,0.000940925,0.000940925,0.000940925
416,1087.83,0.94356,0.69559,1.142,0.90091,0.85532,0.90026,0.62412,1.09345,0.70344,1.23894,0.000939746,0.000939746,0.000939746
417,1090.4,0.9288,0.68121,1.13609,0.91967,0.8199,0.886,0.60792,1.09717,0.71235,1.25883,0.000938567,0.000938567,0.000938567
418,1092.97,0.919,0.66308,1.13261,0.88613,0.83586,0.88347,0.62492,1.06982,0.69889,1.21951,0.000937388,0.000937388,0.000937388
419,1095.55,0.91519,0.67161,1.12814,0.89251,0.85468,0.89858,0.63139,1.05129,0.65402,1.22934,0.000936209,0.000936209,0.000936209
420,1098.13,0.91839,0.67047,1.12405,0.91336,0.83319,0.9052,0.6313,1.07959,0.66306,1.22364,0.00093503,0.00093503,0.00093503
421,1100.7,0.92063,0.6656,1.12557,0.90917,0.82171,0.90081,0.62363,1.06987,0.6804,1.23901,0.000933851,0.000933851,0.000933851
422,1103.28,0.91956,0.66519,1.13107,0.91348,0.85012,0.90428,0.62996,1.05722,0.67333,1.211,0.000932673,0.000932673,0.000932673
423,1105.87,0.90024,0.65614,1.12339,0.88853,0.83512,0.8852,0.61341,1.07845,0.70261,1.23522,0.000931494,0.000931494,0.000931494
424,1108.44,0.92568,0.66875,1.1378,0.87614,0.83167,0.88668,0.60286,1.10775,0.72079,1.2481,0.000930315,0.000930315,0.000930315
425,1111.03,0.90741,0.66627,1.12288,0.91948,0.84402,0.90984,0.63426,1.06203,0.6461,1.23419,0.000929136,0.000929136,0.000929136
426,1113.61,0.92037,0.67797,1.13441,0.92258,0.85988,0.90792,0.63411,1.05724,0.65221,1.21854,0.000927957,0.000927957,0.000927957
427,1116.17,0.90299,0.65386,1.12228,0.91851,0.83153,0.89482,0.63262,1.06176,0.6871,1.21673,0.000926778,0.000926778,0.000926778
428,1119.2,0.8997,0.66112,1.11742,0.92052,0.8357,0.90296,0.63722,1.05358,0.66775,1.20773,0.000925599,0.000925599,0.000925599
429,1121.8,0.90018,0.65627,1.11766,0.91062,0.84584,0.90373,0.6303,1.07469,0.67245,1.23506,0.00092442,0.00092442,0.00092442
430,1124.36,0.90572,0.66028,1.12472,0.93389,0.83301,0.90398,0.63285,1.05962,0.66174,1.22359,0.000923241,0.000923241,0.000923241
431,1126.95,0.92154,0.66633,1.12501,0.92759,0.83966,0.89875,0.62963,1.06801,0.67537,1.21709,0.000922062,0.000922062,0.000922062
432,1129.51,0.93034,0.67324,1.13842,0.91712,0.81041,0.88796,0.62499,1.06872,0.71363,1.21368,0.000920883,0.000920883,0.000920883
433,1132.12,0.90514,0.66363,1.12536,0.9183,0.8238,0.89333,0.61976,1.06791,0.70651,1.23516,0.000919704,0.000919704,0.000919704
434,1134.73,0.91499,0.65511,1.12436,0.90457,0.85272,0.90118,0.62901,1.06454,0.6798,1.22356,0.000918525,0.000918525,0.000918525
435,1137.31,0.92681,0.67912,1.12559,0.87179,0.81877,0.88983,0.61617,1.08247,0.73477,1.24048,0.000917347,0.000917347,0.000917347
436,1139.87,0.90744,0.67116,1.12991,0.85664,0.80341,0.87883,0.6059,1.0902,0.75514,1.23454,0.000916168,0.000916168,0.000916168
437,1142.44,0.9164,0.6709,1.13418,0.89889,0.85085,0.90652,0.63844,1.05259,0.65911,1.21937,0.000914989,0.000914989,0.000914989
438,1145.01,0.89786,0.65515,1.12172,0.88103,0.83225,0.88376,0.61981,1.07921,0.7257,1.23195,0.00091381,0.00091381,0.00091381
439,1147.57,0.8929,0.65524,1.11854,0.88921,0.76065,0.87045,0.60463,1.09147,0.76217,1.24493,0.000912631,0.000912631,0.000912631
440,1150.15,0.90077,0.657,1.12465,0.91441,0.82151,0.90453,0.6476,1.02815,0.66937,1.20727,0.000911452,0.000911452,0.000911452
441,1152.72,0.8771,0.65603,1.11825,0.91218,0.85134,0.90915,0.64998,1.0238,0.64875,1.18572,0.000910273,0.000910273,0.000910273
442,1155.29,0.91028,0.65907,1.11504,0.91669,0.8257,0.90036,0.63526,1.03955,0.67188,1.20209,0.000909094,0.000909094,0.000909094
443,1157.86,0.90568,0.66474,1.12469,0.90265,0.83836,0.90244,0.64003,1.0147,0.66375,1.1759,0.000907915,0.000907915,0.000907915
444,1160.45,0.87325,0.64942,1.10802,0.90327,0.82662,0.88886,0.62201,1.0462,0.68039,1.20511,0.000906736,0.000906736,0.000906736
445,1163.02,0.89474,0.64329,1.11603,0.9028,0.84494,0.89098,0.62354,1.05026,0.69221,1.20288,0.000905557,0.000905557,0.000905557
446,1165.59,0.88956,0.64213,1.10691,0.9051,0.83864,0.88868,0.61089,1.06902,0.70222,1.21579,0.000904378,0.000904378,0.000904378
447,1168.16,0.89754,0.64736,1.1159,0.91539,0.84084,0.8961,0.61755,1.07022,0.694,1.21496,0.000903199,0.000903199,0.000903199
448,1170.75,0.89579,0.6518,1.10869,0.91384,0.84017,0.89861,0.63287,1.03441,0.66293,1.20032,0.000902021,0.000902021,0.000902021
449,1173.31,0.88227,0.64521,1.1077,0.90916,0.83105,0.90163,0.62526,1.06206,0.65814,1.21368,0.000900842,0.000900842,0.000900842
450,1175.88,0.87442,0.63519,1.10436,0.92757,0.83228,0.90283,0.64807,1.03208,0.66297,1.18821,0.000899663,0.000899663,0.000899663
451,1178.49,0.90277,0.65522,1.11806,0.89414,0.85572,0.90588,0.65144,1.02492,0.65751,1.17815,0.000898484,0.000898484,0.000898484
452,1181.06,0.88269,0.64474,1.11041,0.91007,0.83018,0.90006,0.64078,1.04093,0.68405,1.20037,0.000897305,0.000897305,0.000897305
453,1183.63,0.87182,0.6383,1.10091,0.91442,0.83152,0.89512,0.62967,1.05596,0.6729,1.2159,0.000896126,0.000896126,0.000896126
454,1186.23,0.89599,0.66008,1.11387,0.91633,0.85087,0.90647,0.64244,1.05105,0.66956,1.20551,0.000894947,0.000894947,0.000894947
455,1188.83,0.86817,0.63562,1.09866,0.90411,0.83188,0.90089,0.63232,1.07253,0.70404,1.23485,0.000893768,0.000893768,0.000893768
456,1191.4,0.8853,0.63835,1.11052,0.93014,0.86447,0.9055,0.64105,1.03434,0.65813,1.21148,0.000892589,0.000892589,0.000892589
457,1193.98,0.86359,0.63395,1.09766,0.93885,0.84003,0.90471,0.63868,1.04534,0.66282,1.22021,0.00089141,0.00089141,0.00089141
458,1196.54,0.88428,0.6362,1.10142,0.91282,0.84734,0.90431,0.63363,1.0649,0.66874,1.22456,0.000890231,0.000890231,0.000890231
459,1199.12,0.87246,0.6446,1.10109,0.9122,0.84894,0.90894,0.64387,1.0388,0.64035,1.20557,0.000889052,0.000889052,0.000889052
460,1201.71,0.89362,0.65356,1.11198,0.90165,0.8481,0.90672,0.62826,1.05562,0.65203,1.23582,0.000887873,0.000887873,0.000887873
461,1204.28,0.88564,0.64756,1.1122,0.88365,0.85274,0.90114,0.62986,1.04467,0.67729,1.21176,0.000886694,0.000886694,0.000886694
462,1206.86,0.86578,0.64079,1.10431,0.89193,0.8285,0.88983,0.62277,1.05614,0.68758,1.22885,0.000885516,0.000885516,0.000885516
463,1209.53,0.87869,0.6422,1.11664,0.90458,0.85264,0.90929,0.64933,1.01896,0.64337,1.19815,0.000884337,0.000884337,0.000884337
464,1212.09,0.86782,0.63169,1.09452,0.93027,0.83278,0.90977,0.63637,1.05815,0.66286,1.22267,0.000883158,0.000883158,0.000883158
465,1214.69,0.87489,0.63025,1.09842,0.93206,0.83095,0.90469,0.6483,1.02501,0.64275,1.1968,0.000881979,0.000881979,0.000881979
466,1217.28,0.86178,0.63371,1.10321,0.91837,0.84176,0.90516,0.64882,1.0326,0.64229,1.20031,0.0008808,0.0008808,0.0008808
467,1219.87,0.86619,0.62959,1.10491,0.89181,0.83894,0.89545,0.63036,1.06577,0.67953,1.22162,0.000879621,0.000879621,0.000879621
468,1222.6,0.89849,0.63841,1.11479,0.9275,0.84128,0.91134,0.64992,1.02388,0.64341,1.20056,0.000878442,0.000878442,0.000878442
469,1225.17,0.88302,0.64057,1.10833,0.91511,0.84831,0.90211,0.64675,1.02108,0.66269,1.19347,0.000877263,0.000877263,0.000877263
470,1227.74,0.85066,0.61528,1.0891,0.92132,0.83222,0.89728,0.63499,1.0394,0.66768,1.20777,0.000876084,0.000876084,0.000876084
471,1230.31,0.88843,0.64745,1.10917,0.90842,0.86349,0.90738,0.64421,1.02506,0.64136,1.19537,0.000874905,0.000874905,0.000874905
472,1232.88,0.88091,0.63264,1.0982,0.91198,0.85276,0.90363,0.63452,1.03221,0.65074,1.2149,0.000873726,0.000873726,0.000873726
473,1235.45,0.87833,0.63747,1.1017,0.87454,0.83508,0.89563,0.62701,1.0415,0.69143,1.21168,0.000872547,0.000872547,0.000872547
474,1238.03,0.88262,0.6456,1.11393,0.93212,0.81761,0.90624,0.64652,1.01954,0.65693,1.2067,0.000871368,0.000871368,0.000871368
475,1240.64,0.85337,0.61585,1.09591,0.91078,0.82828,0.90225,0.64256,1.03433,0.67882,1.21758,0.00087019,0.00087019,0.00087019
476,1243.37,0.88458,0.63508,1.10417,0.90871,0.86571,0.91874,0.65362,1.02022,0.63203,1.20104,0.000869011,0.000869011,0.000869011
477,1245.97,0.86875,0.64471,1.10935,0.9003,0.86405,0.9097,0.64088,1.03882,0.64855,1.20762,0.000867832,0.000867832,0.000867832
478,1248.52,0.8815,0.63709,1.10802,0.90696,0.85959,0.90856,0.64734,1.02221,0.66917,1.20488,0.000866653,0.000866653,0.000866653
479,1251.08,0.85471,0.62447,1.0939,0.93784,0.84998,0.90465,0.64154,1.02772,0.67572,1.20924,0.000865474,0.000865474,0.000865474
480,1253.66,0.86665,0.62727,1.10295,0.92829,0.8581,0.90869,0.64291,1.02776,0.65376,1.20762,0.000864295,0.000864295,0.000864295
481,1256.26,0.87959,0.64313,1.10829,0.92286,0.85369,0.91206,0.65183,1.00697,0.64266,1.1932,0.000863116,0.000863116,0.000863116
482,1258.83,0.8684,0.63155,1.10036,0.92027,0.85243,0.91511,0.64331,1.03666,0.62862,1.21233,0.000861937,0.000861937,0.000861937
483,1261.43,0.87384,0.62406,1.10846,0.92069,0.85356,0.91852,0.65555,1.01572,0.62121,1.19354,0.000860758,0.000860758,0.000860758
484,1264,0.86284,0.62378,1.10023,0.93212,0.85483,0.9142,0.64958,1.00926,0.63013,1.20036,0.000859579,0.000859579,0.000859579
485,1266.6,0.8625,0.61006,1.09972,0.92073,0.84703,0.90913,0.63568,1.06254,0.655,1.22702,0.0008584,0.0008584,0.0008584
486,1269.3,0.86204,0.61955,1.0955,0.91886,0.8248,0.89759,0.63247,1.0657,0.70206,1.23184,0.000857221,0.000857221,0.000857221
487,1271.86,0.8795,0.63013,1.10048,0.92686,0.82612,0.90357,0.64148,1.03682,0.67496,1.21896,0.000856042,0.000856042,0.000856042
488,1274.44,0.8638,0.63258,1.08592,0.9185,0.84182,0.90244,0.63805,1.05052,0.6696,1.22678,0.000854864,0.000854864,0.000854864
489,1277.01,0.86174,0.61814,1.08803,0.93372,0.82365,0.89922,0.63798,1.03964,0.66802,1.21736,0.000853685,0.000853685,0.000853685
490,1279.57,0.85315,0.62105,1.08593,0.93889,0.84392,0.90966,0.64978,1.01691,0.62342,1.19354,0.000852506,0.000852506,0.000852506
491,1282.16,0.8581,0.61472,1.09864,0.93435,0.84391,0.91348,0.64556,1.03521,0.6278,1.21878,0.000851327,0.000851327,0.000851327
492,1284.71,0.84974,0.60915,1.09289,0.92791,0.80994,0.90451,0.64698,1.02787,0.65638,1.21482,0.000850148,0.000850148,0.000850148
493,1287.32,0.85393,0.60875,1.08959,0.93459,0.84615,0.90904,0.65679,1.02103,0.64386,1.21571,0.000848969,0.000848969,0.000848969
494,1289.9,0.84609,0.60837,1.09258,0.92267,0.85286,0.90949,0.64563,1.02541,0.62818,1.20188,0.00084779,0.00084779,0.00084779
495,1292.47,0.87195,0.62257,1.08778,0.9266,0.83987,0.90297,0.63035,1.06963,0.66874,1.22822,0.000846611,0.000846611,0.000846611
496,1295.07,0.87234,0.61391,1.10082,0.93072,0.83255,0.90433,0.63459,1.0653,0.6687,1.22654,0.000845432,0.000845432,0.000845432
497,1297.66,0.83377,0.58839,1.08093,0.92477,0.85233,0.90875,0.64954,1.05496,0.64221,1.21463,0.000844253,0.000844253,0.000844253
498,1300.21,0.84388,0.60525,1.08404,0.92718,0.84008,0.90431,0.64991,1.02712,0.65123,1.20175,0.000843074,0.000843074,0.000843074
499,1302.78,0.87057,0.61157,1.09644,0.92707,0.8536,0.90767,0.65236,1.02799,0.64147,1.2066,0.000841895,0.000841895,0.000841895
500,1305.42,0.84355,0.60726,1.08487,0.89557,0.83803,0.8996,0.64559,1.04419,0.67791,1.21874,0.000840716,0.000840716,0.000840716
501,1307.97,0.85442,0.59985,1.09042,0.91138,0.84901,0.90516,0.648,1.03643,0.66407,1.20286,0.000839537,0.000839537,0.000839537
502,1310.53,0.83429,0.60477,1.08001,0.95484,0.84562,0.909,0.65527,1.02595,0.64172,1.19283,0.000838359,0.000838359,0.000838359
503,1313.1,0.84283,0.59926,1.08872,0.93949,0.82506,0.90886,0.64996,1.02375,0.6499,1.19754,0.00083718,0.00083718,0.00083718
504,1315.67,0.82264,0.59044,1.07442,0.93755,0.84129,0.90315,0.64776,1.0257,0.64957,1.207,0.000836001,0.000836001,0.000836001
505,1318.25,0.85764,0.62481,1.09069,0.92687,0.86574,0.90425,0.65296,1.0138,0.6495,1.18312,0.000834822,0.000834822,0.000834822
506,1320.85,0.84903,0.61445,1.0889,0.89916,0.8546,0.89373,0.64418,1.00925,0.66516,1.1816,0.000833643,0.000833643,0.000833643
507,1323.42,0.84281,0.62892,1.0896,0.92155,0.84907,0.90497,0.64492,1.02564,0.64224,1.1876,0.000832464,0.000832464,0.000832464
508,1326,0.82717,0.60615,1.07168,0.9037,0.84874,0.90177,0.64481,1.02975,0.63766,1.21598,0.000831285,0.000831285,0.000831285
509,1328.58,0.85232,0.60845,1.09385,0.92237,0.82451,0.89839,0.64662,1.02961,0.65844,1.19821,0.000830106,0.000830106,0.000830106
510,1331.14,0.87088,0.62395,1.09634,0.92614,0.8464,0.9048,0.64604,1.02532,0.65684,1.20416,0.000828927,0.000828927,0.000828927
511,1333.72,0.84363,0.60404,1.09356,0.90267,0.87171,0.9115,0.64575,1.02303,0.62991,1.19228,0.000827748,0.000827748,0.000827748
512,1336.29,0.86246,0.61605,1.09052,0.93619,0.81484,0.90011,0.63062,1.07347,0.66411,1.23557,0.000826569,0.000826569,0.000826569
513,1338.87,0.85015,0.6072,1.08664,0.92421,0.83091,0.90705,0.64503,1.03493,0.63295,1.19287,0.00082539,0.00082539,0.00082539
514,1341.45,0.86736,0.61197,1.094,0.90257,0.86809,0.90819,0.65262,1.02007,0.64626,1.19037,0.000824211,0.000824211,0.000824211
515,1344.02,0.84532,0.59864,1.07657,0.9274,0.83078,0.90654,0.6427,1.03966,0.65865,1.19543,0.000823033,0.000823033,0.000823033
516,1346.62,0.84823,0.61034,1.08129,0.90328,0.8545,0.91332,0.65348,1.03487,0.64862,1.20813,0.000821854,0.000821854,0.000821854
517,1349.25,0.84713,0.6099,1.08683,0.93197,0.84813,0.91265,0.6596,1.0181,0.62424,1.18182,0.000820675,0.000820675,0.000820675
518,1351.83,0.82921,0.58821,1.07814,0.90107,0.86452,0.90893,0.65275,1.00562,0.63561,1.18561,0.000819496,0.000819496,0.000819496
519,1354.4,0.82724,0.59299,1.07433,0.90281,0.86748,0.91092,0.6596,0.99214,0.61359,1.17527,0.000818317,0.000818317,0.000818317
520,1356.98,0.8265,0.59986,1.07893,0.91382,0.86717,0.91514,0.66378,0.98936,0.61605,1.18109,0.000817138,0.000817138,0.000817138
521,1359.56,0.83498,0.59214,1.0846,0.89713,0.85227,0.902,0.63316,1.06676,0.66707,1.2116,0.000815959,0.000815959,0.000815959
522,1362.13,0.837,0.59388,1.08549,0.94107,0.82892,0.91271,0.65287,1.02561,0.6352,1.19738,0.00081478,0.00081478,0.00081478
523,1364.7,0.84684,0.61825,1.08983,0.90923,0.85657,0.90733,0.64786,1.03285,0.63271,1.18683,0.000813601,0.000813601,0.000813601
524,1367.27,0.84784,0.6026,1.08687,0.90533,0.83912,0.90253,0.65008,1.02465,0.6442,1.19081,0.000812422,0.000812422,0.000812422
525,1369.84,0.83075,0.59717,1.07318,0.92455,0.83526,0.9115,0.6549,1.02835,0.6561,1.18965,0.000811243,0.000811243,0.000811243
526,1372.42,0.84257,0.5995,1.09335,0.94231,0.84121,0.91567,0.66478,0.99905,0.61779,1.17857,0.000810064,0.000810064,0.000810064
527,1375,0.82923,0.59386,1.07606,0.89626,0.87008,0.91851,0.66807,1.0005,0.61194,1.19039,0.000808885,0.000808885,0.000808885
528,1377.59,0.8457,0.60638,1.08194,0.9146,0.83666,0.90913,0.65996,0.99793,0.62474,1.17192,0.000807707,0.000807707,0.000807707
529,1380.18,0.83309,0.6031,1.07835,0.92315,0.85378,0.91963,0.66903,0.99235,0.59725,1.16894,0.000806528,0.000806528,0.000806528
530,1382.75,0.83071,0.6041,1.07697,0.88812,0.88264,0.91267,0.65733,1.01342,0.62943,1.17723,0.000805349,0.000805349,0.000805349
531,1385.33,0.82185,0.58616,1.07191,0.90619,0.85682,0.91341,0.65619,1.02845,0.64288,1.19994,0.00080417,0.00080417,0.00080417
532,1387.9,0.82166,0.60552,1.07575,0.8857,0.87394,0.91902,0.66366,1.00368,0.61748,1.17707,0.000802991,0.000802991,0.000802991
533,1390.48,0.82169,0.59052,1.07522,0.93687,0.83361,0.91596,0.66784,0.9906,0.61317,1.16606,0.000801812,0.000801812,0.000801812
534,1393.06,0.82304,0.58015,1.07068,0.94172,0.86957,0.92147,0.67258,0.98982,0.60755,1.17246,0.000800633,0.000800633,0.000800633
535,1395.64,0.82243,0.58428,1.07682,0.95117,0.85611,0.92564,0.66715,0.98362,0.58246,1.18358,0.000799454,0.000799454,0.000799454
536,1398.22,0.8265,0.59343,1.08106,0.9123,0.85293,0.91502,0.6562,0.99941,0.62776,1.18997,0.000798275,0.000798275,0.000798275
537,1400.8,0.82592,0.60146,1.08187,0.92579,0.84683,0.91195,0.65766,0.99148,0.62092,1.18214,0.000797096,0.000797096,0.000797096
538,1403.4,0.85538,0.61788,1.0868,0.91854,0.85705,0.91698,0.65299,0.99349,0.60919,1.18446,0.000795917,0.000795917,0.000795917
539,1406,0.81295,0.58875,1.07139,0.9027,0.86444,0.9134,0.65535,0.99084,0.61464,1.17176,0.000794738,0.000794738,0.000794738
540,1408.58,0.82298,0.58236,1.06654,0.92421,0.8385,0.90919,0.65349,1.00239,0.62793,1.1848,0.000793559,0.000793559,0.000793559
541,1411.14,0.81606,0.58241,1.07502,0.91366,0.84758,0.90703,0.65091,0.98468,0.61077,1.16109,0.00079238,0.00079238,0.00079238
542,1413.7,0.81601,0.58468,1.06994,0.9099,0.85684,0.90748,0.65512,0.98745,0.61454,1.17217,0.000791202,0.000791202,0.000791202
543,1416.28,0.81673,0.59102,1.06624,0.91708,0.8482,0.90567,0.64829,1.01741,0.65126,1.18126,0.000790023,0.000790023,0.000790023
544,1418.85,0.8308,0.59316,1.07085,0.88689,0.86539,0.91026,0.65024,1.01869,0.64492,1.18368,0.000788844,0.000788844,0.000788844
545,1421.43,0.82681,0.60026,1.06762,0.9182,0.85297,0.91617,0.65735,1.00652,0.62018,1.18823,0.000787665,0.000787665,0.000787665
546,1424,0.81525,0.58823,1.07192,0.92433,0.8701,0.91684,0.65895,0.9913,0.62021,1.17236,0.000786486,0.000786486,0.000786486
547,1426.68,0.8085,0.58316,1.06193,0.92735,0.84084,0.90217,0.64723,1.00556,0.64741,1.17932,0.000785307,0.000785307,0.000785307
548,1430.29,0.81825,0.58862,1.06927,0.9216,0.86139,0.90783,0.65295,0.99752,0.62015,1.17648,0.000784128,0.000784128,0.000784128
549,1432.88,0.83971,0.59866,1.08378,0.94047,0.85202,0.91452,0.66239,0.99351,0.60341,1.17837,0.000782949,0.000782949,0.000782949
550,1435.44,0.83853,0.59278,1.07747,0.91462,0.85536,0.90823,0.65753,0.99996,0.61919,1.17465,0.00078177,0.00078177,0.00078177
551,1438.03,0.83343,0.57899,1.06758,0.93019,0.86138,0.90522,0.64671,1.01257,0.63852,1.19671,0.000780591,0.000780591,0.000780591
552,1440.61,0.82998,0.57925,1.0792,0.91093,0.87644,0.91833,0.65319,1.00748,0.60951,1.18405,0.000779412,0.000779412,0.000779412
553,1443.25,0.84257,0.58813,1.0787,0.92505,0.87023,0.91696,0.64708,1.04103,0.61324,1.21384,0.000778233,0.000778233,0.000778233
554,1445.97,0.83452,0.58597,1.07839,0.94183,0.83286,0.90857,0.64893,1.02497,0.63318,1.18879,0.000777054,0.000777054,0.000777054
555,1448.6,0.81209,0.57614,1.06234,0.92437,0.86279,0.91913,0.66242,0.99934,0.60055,1.18836,0.000775876,0.000775876,0.000775876
556,1451.22,0.82067,0.56952,1.06888,0.92711,0.87475,0.92636,0.67223,0.98105,0.59123,1.17947,0.000774697,0.000774697,0.000774697
557,1453.86,0.81193,0.57844,1.06756,0.93297,0.86013,0.91661,0.66062,0.99218,0.60747,1.18844,0.000773518,0.000773518,0.000773518
558,1456.48,0.81555,0.57559,1.0633,0.91614,0.85599,0.90531,0.63859,1.04459,0.62793,1.22984,0.000772339,0.000772339,0.000772339
559,1459.11,0.84403,0.58104,1.07487,0.89884,0.86603,0.91048,0.65437,1.00028,0.61545,1.18749,0.00077116,0.00077116,0.00077116
560,1461.75,0.83106,0.59549,1.07512,0.90847,0.85592,0.90108,0.6397,1.03108,0.64728,1.21668,0.000769981,0.000769981,0.000769981
561,1464.39,0.81564,0.5845,1.06674,0.91965,0.86788,0.90861,0.6563,0.99842,0.62936,1.18069,0.000768802,0.000768802,0.000768802
562,1467,0.80389,0.57186,1.0634,0.9255,0.85619,0.90784,0.64669,1.02893,0.63884,1.20558,0.000767623,0.000767623,0.000767623
563,1469.58,0.82737,0.57675,1.08079,0.91491,0.88499,0.92146,0.66505,0.99281,0.59655,1.17985,0.000766444,0.000766444,0.000766444
564,1472.14,0.80842,0.5738,1.06794,0.92834,0.87463,0.92314,0.6639,0.99549,0.5868,1.19491,0.000765265,0.000765265,0.000765265
565,1474.71,0.79745,0.55595,1.06126,0.93573,0.85975,0.91748,0.66367,0.99702,0.5993,1.17537,0.000764086,0.000764086,0.000764086
566,1477.5,0.84708,0.58056,1.06994,0.91026,0.86007,0.91042,0.65504,0.99767,0.61195,1.18879,0.000762907,0.000762907,0.000762907
567,1480.07,0.80976,0.57078,1.06625,0.89584,0.88344,0.91256,0.66636,0.98147,0.60937,1.18239,0.000761728,0.000761728,0.000761728
568,1482.69,0.83083,0.58033,1.0717,0.93235,0.85403,0.91217,0.66387,0.98731,0.61095,1.18423,0.00076055,0.00076055,0.00076055
569,1485.36,0.79678,0.56845,1.06103,0.91975,0.86392,0.9121,0.66573,0.98326,0.60121,1.18623,0.000759371,0.000759371,0.000759371
570,1487.94,0.79088,0.56405,1.05331,0.93624,0.86137,0.9187,0.6669,0.98291,0.59255,1.17314,0.000758192,0.000758192,0.000758192
571,1490.75,0.79844,0.56396,1.06193,0.93813,0.88234,0.9248,0.66938,0.98512,0.59294,1.18845,0.000757013,0.000757013,0.000757013
572,1493.36,0.79034,0.56504,1.05337,0.94191,0.87197,0.92153,0.66246,0.97547,0.59302,1.17259,0.000755834,0.000755834,0.000755834
573,1495.93,0.80969,0.57167,1.06797,0.93208,0.85755,0.91175,0.65217,1.00591,0.62799,1.196,0.000754655,0.000754655,0.000754655
574,1498.5,0.7877,0.55591,1.04922,0.93442,0.86382,0.91868,0.66639,0.98605,0.59503,1.17608,0.000753476,0.000753476,0.000753476
575,1501.06,0.78759,0.56386,1.05549,0.94002,0.84629,0.91152,0.66304,1.00032,0.61396,1.18484,0.000752297,0.000752297,0.000752297
576,1503.63,0.80447,0.57066,1.05246,0.94247,0.86136,0.91419,0.66986,0.97607,0.60667,1.16131,0.000751118,0.000751118,0.000751118
577,1506.19,0.78499,0.55989,1.05009,0.93397,0.85735,0.91475,0.66565,0.98313,0.60884,1.17335,0.000749939,0.000749939,0.000749939
578,1508.75,0.80177,0.57149,1.06429,0.90772,0.85424,0.90549,0.65551,0.97604,0.63754,1.16619,0.00074876,0.00074876,0.00074876
579,1511.37,0.79893,0.56209,1.05181,0.89813,0.86073,0.89845,0.6529,0.98644,0.64121,1.17999,0.000747581,0.000747581,0.000747581
580,1513.97,0.80806,0.56233,1.06334,0.91909,0.85873,0.90382,0.65127,0.99543,0.6287,1.18299,0.000746402,0.000746402,0.000746402
581,1516.55,0.82389,0.58029,1.07211,0.94072,0.85427,0.91748,0.66799,0.96791,0.60605,1.17774,0.000745223,0.000745223,0.000745223
582,1519.11,0.79907,0.56131,1.05894,0.91557,0.87544,0.91576,0.66635,0.98395,0.60481,1.17956,0.000744045,0.000744045,0.000744045
583,1521.69,0.80937,0.56655,1.06459,0.94466,0.8513,0.91842,0.66538,0.98959,0.59939,1.18208,0.000742866,0.000742866,0.000742866
584,1524.26,0.7891,0.56821,1.05132,0.93396,0.84567,0.90681,0.6537,0.99267,0.61219,1.17919,0.000741687,0.000741687,0.000741687
585,1526.84,0.80064,0.56317,1.05253,0.94167,0.8414,0.91515,0.66437,0.96783,0.6126,1.1654,0.000740508,0.000740508,0.000740508
586,1529.41,0.78737,0.56489,1.05495,0.9262,0.85549,0.91718,0.66276,0.98254,0.6098,1.17654,0.000739329,0.000739329,0.000739329
587,1531.98,0.79243,0.55084,1.05368,0.92917,0.86069,0.91602,0.66686,0.96584,0.60009,1.17129,0.00073815,0.00073815,0.00073815
588,1534.56,0.79939,0.56566,1.05301,0.92357,0.86646,0.91338,0.66423,0.98302,0.60245,1.18556,0.000736971,0.000736971,0.000736971
589,1537.43,0.79143,0.5554,1.05209,0.95375,0.86355,0.9184,0.67722,0.95867,0.59206,1.15858,0.000735792,0.000735792,0.000735792
590,1540.05,0.78546,0.55912,1.04765,0.9355,0.84879,0.91533,0.66748,0.96777,0.60369,1.17416,0.000734613,0.000734613,0.000734613
591,1542.64,0.79969,0.56137,1.05665,0.91899,0.8458,0.91098,0.66447,0.96373,0.60682,1.16198,0.000733434,0.000733434,0.000733434
592,1545.36,0.79237,0.55915,1.05464,0.9197,0.85345,0.90436,0.65998,0.97036,0.6083,1.1693,0.000732255,0.000732255,0.000732255
593,1547.94,0.77968,0.55188,1.05045,0.92237,0.86692,0.90926,0.67036,0.96813,0.59787,1.16617,0.000731076,0.000731076,0.000731076
594,1550.51,0.81616,0.57987,1.05818,0.92979,0.8506,0.91585,0.66712,0.98906,0.61534,1.18694,0.000729897,0.000729897,0.000729897
595,1553.08,0.79453,0.55763,1.04892,0.92374,0.86251,0.91774,0.667,0.98154,0.60905,1.17223,0.000728719,0.000728719,0.000728719
596,1555.68,0.77131,0.54271,1.04836,0.92396,0.85784,0.91962,0.66855,0.96781,0.59587,1.16594,0.00072754,0.00072754,0.00072754
597,1558.25,0.77799,0.54837,1.04623,0.92965,0.86488,0.91608,0.66637,0.97237,0.59449,1.17153,0.000726361,0.000726361,0.000726361
598,1560.83,0.78071,0.54704,1.04416,0.93083,0.85441,0.91383,0.65908,0.98102,0.60301,1.17846,0.000725182,0.000725182,0.000725182
599,1563.43,0.79211,0.56168,1.05715,0.94546,0.84099,0.91398,0.66158,0.98912,0.59828,1.17613,0.000724003,0.000724003,0.000724003
600,1566.02,0.78243,0.54927,1.04837,0.95834,0.85644,0.92113,0.67658,0.96459,0.58107,1.16848,0.000722824,0.000722824,0.000722824
601,1568.6,0.78321,0.5552,1.05523,0.94156,0.85493,0.91878,0.66562,0.98267,0.58763,1.17925,0.000721645,0.000721645,0.000721645
602,1571.18,0.81062,0.56884,1.06398,0.94871,0.82485,0.91168,0.65649,0.9947,0.60054,1.18184,0.000720466,0.000720466,0.000720466
603,1573.74,0.80192,0.565,1.06233,0.91698,0.87206,0.91929,0.67155,0.97844,0.5818,1.16797,0.000719287,0.000719287,0.000719287
604,1576.31,0.78432,0.55488,1.04535,0.92526,0.87698,0.91928,0.6693,0.97354,0.5905,1.16789,0.000718108,0.000718108,0.000718108
605,1578.88,0.79287,0.5546,1.05369,0.94468,0.863,0.91503,0.65884,0.98955,0.59396,1.18036,0.000716929,0.000716929,0.000716929
606,1581.45,0.77097,0.55684,1.04741,0.93825,0.85411,0.91561,0.66165,0.97205,0.59374,1.16771,0.00071575,0.00071575,0.00071575
607,1584,0.79061,0.55696,1.05292,0.92618,0.8456,0.9166,0.66242,0.98663,0.61409,1.18052,0.000714571,0.000714571,0.000714571
608,1586.57,0.78489,0.55672,1.05767,0.92336,0.85311,0.91635,0.66276,0.98627,0.60816,1.17231,0.000713393,0.000713393,0.000713393
609,1589.13,0.79814,0.57087,1.06138,0.93412,0.86913,0.9141,0.66212,0.98912,0.60138,1.18412,0.000712214,0.000712214,0.000712214
610,1591.71,0.77978,0.54704,1.04443,0.93051,0.84985,0.91076,0.65273,1.01895,0.62138,1.20015,0.000711035,0.000711035,0.000711035
611,1594.3,0.77746,0.55477,1.04934,0.93484,0.86211,0.92157,0.66965,0.98582,0.60044,1.18035,0.000709856,0.000709856,0.000709856
612,1596.86,0.77885,0.55034,1.05008,0.93606,0.86925,0.9211,0.66766,0.97928,0.60235,1.17636,0.000708677,0.000708677,0.000708677
613,1599.51,0.78832,0.56203,1.05566,0.90783,0.86174,0.90893,0.65356,0.99998,0.63444,1.18559,0.000707498,0.000707498,0.000707498
614,1602.08,0.78004,0.54451,1.04351,0.93827,0.84187,0.91483,0.65778,1.00031,0.62928,1.19054,0.000706319,0.000706319,0.000706319
615,1604.65,0.79435,0.55505,1.05435,0.92767,0.87032,0.91789,0.6678,0.98564,0.61214,1.18605,0.00070514,0.00070514,0.00070514
616,1607.25,0.78721,0.55482,1.05066,0.91035,0.86153,0.9116,0.64689,1.03339,0.63399,1.21556,0.000703961,0.000703961,0.000703961
617,1609.85,0.77594,0.55682,1.05305,0.89142,0.86091,0.90566,0.64869,1.01483,0.63292,1.19754,0.000702782,0.000702782,0.000702782
618,1612.42,0.78392,0.5419,1.04953,0.93507,0.86209,0.91631,0.67382,0.95882,0.59336,1.16225,0.000701603,0.000701603,0.000701603
619,1615,0.77412,0.53194,1.0429,0.94884,0.85669,0.91968,0.67686,0.96659,0.60132,1.17439,0.000700424,0.000700424,0.000700424
620,1617.59,0.79524,0.55794,1.05444,0.93524,0.85432,0.92016,0.673,0.95805,0.60411,1.16539,0.000699245,0.000699245,0.000699245
621,1620.19,0.78049,0.54896,1.05042,0.92728,0.85976,0.91738,0.66834,0.97196,0.60841,1.1689,0.000698066,0.000698066,0.000698066
622,1622.77,0.78679,0.54384,1.04893,0.92964,0.82299,0.90296,0.64707,1.00645,0.64744,1.18062,0.000696888,0.000696888,0.000696888
623,1625.34,0.78976,0.55507,1.05285,0.91757,0.85509,0.9096,0.66302,0.97632,0.60764,1.16295,0.000695709,0.000695709,0.000695709
624,1627.9,0.76251,0.54397,1.03942,0.92212,0.86362,0.91457,0.66889,0.96149,0.58627,1.15603,0.00069453,0.00069453,0.00069453
625,1630.48,0.78064,0.54697,1.04186,0.93622,0.8665,0.91774,0.66956,0.96837,0.59304,1.1606,0.000693351,0.000693351,0.000693351
626,1633.04,0.74686,0.52645,1.03267,0.92529,0.86897,0.91818,0.67295,0.95597,0.59491,1.15297,0.000692172,0.000692172,0.000692172
627,1635.6,0.75426,0.52989,1.0408,0.93106,0.88115,0.92124,0.67414,0.95439,0.59379,1.16273,0.000690993,0.000690993,0.000690993
628,1638.16,0.78119,0.55169,1.04205,0.94132,0.86427,0.92118,0.66745,0.96637,0.59832,1.17626,0.000689814,0.000689814,0.000689814
629,1640.72,0.76859,0.54773,1.03693,0.93821,0.83723,0.91209,0.65752,0.98977,0.61677,1.1843,0.000688635,0.000688635,0.000688635
630,1643.28,0.78037,0.54704,1.04072,0.9235,0.8416,0.90746,0.64821,0.98881,0.63681,1.17255,0.000687456,0.000687456,0.000687456
631,1645.86,0.77418,0.5476,1.04288,0.94157,0.85888,0.92204,0.66851,0.97844,0.58988,1.16101,0.000686277,0.000686277,0.000686277
632,1648.44,0.78216,0.55109,1.04348,0.92673,0.87979,0.92005,0.67269,0.96867,0.5935,1.16728,0.000685098,0.000685098,0.000685098
633,1651.01,0.77376,0.54548,1.04492,0.94244,0.86371,0.91972,0.67224,0.96916,0.58456,1.16085,0.000683919,0.000683919,0.000683919
634,1653.58,0.76042,0.53619,1.03612,0.93477,0.85735,0.91357,0.6699,0.9668,0.59938,1.16491,0.00068274,0.00068274,0.00068274
635,1656.16,0.78757,0.55251,1.05573,0.91927,0.86775,0.91227,0.66972,0.9563,0.6119,1.15165,0.000681562,0.000681562,0.000681562
636,1658.74,0.77094,0.54291,1.04318,0.91497,0.86613,0.91446,0.66325,0.99425,0.6139,1.16894,0.000680383,0.000680383,0.000680383
637,1661.31,0.78927,0.55029,1.05626,0.91289,0.87935,0.91709,0.66458,0.98743,0.60612,1.1603,0.000679204,0.000679204,0.000679204
638,1663.87,0.80101,0.54407,1.04529,0.91384,0.87707,0.91963,0.67168,0.95386,0.59026,1.14955,0.000678025,0.000678025,0.000678025
639,1666.44,0.77942,0.54931,1.04756,0.9368,0.87028,0.92275,0.67798,0.95839,0.58514,1.16102,0.000676846,0.000676846,0.000676846
640,1669.02,0.7711,0.53657,1.04607,0.93518,0.8699,0.92151,0.66972,0.96715,0.58326,1.15969,0.000675667,0.000675667,0.000675667
641,1671.59,0.76693,0.53918,1.03731,0.9329,0.87258,0.92232,0.6611,1.00583,0.59506,1.18852,0.000674488,0.000674488,0.000674488
642,1674.16,0.79153,0.53684,1.04775,0.93767,0.86349,0.9153,0.66308,0.99016,0.58673,1.18089,0.000673309,0.000673309,0.000673309
643,1676.74,0.78048,0.53997,1.03747,0.93696,0.8617,0.91916,0.66969,0.95647,0.59289,1.1621,0.00067213,0.00067213,0.00067213
644,1679.3,0.77245,0.53392,1.042,0.94628,0.86239,0.91328,0.66288,0.97204,0.59962,1.16618,0.000670951,0.000670951,0.000670951
645,1681.87,0.74398,0.52189,1.02743,0.92363,0.8408,0.90731,0.65542,0.98418,0.61602,1.16269,0.000669772,0.000669772,0.000669772
646,1684.44,0.74931,0.52416,1.02691,0.90706,0.8709,0.91153,0.6658,0.97003,0.60021,1.16942,0.000668593,0.000668593,0.000668593
647,1687,0.76915,0.5307,1.0369,0.93895,0.85451,0.91725,0.66725,0.96334,0.59403,1.16048,0.000667414,0.000667414,0.000667414
648,1689.57,0.75886,0.53075,1.0228,0.92458,0.84869,0.91592,0.66486,0.97017,0.60682,1.1705,0.000666236,0.000666236,0.000666236
649,1692.14,0.7723,0.53811,1.04684,0.925,0.84366,0.9122,0.66393,0.96715,0.60813,1.17344,0.000665057,0.000665057,0.000665057
650,1694.7,0.77857,0.54616,1.04217,0.93256,0.8562,0.9178,0.66893,0.96722,0.59113,1.1592,0.000663878,0.000663878,0.000663878
651,1697.27,0.74864,0.52251,1.02906,0.93099,0.83965,0.9129,0.65693,0.97081,0.60682,1.16664,0.000662699,0.000662699,0.000662699
652,1699.84,0.77189,0.53238,1.04062,0.90228,0.88088,0.91658,0.66391,0.96395,0.59149,1.15908,0.00066152,0.00066152,0.00066152
653,1702.42,0.79008,0.53862,1.04386,0.93312,0.87918,0.92615,0.67336,0.96857,0.56819,1.16499,0.000660341,0.000660341,0.000660341
654,1704.99,0.74381,0.5229,1.03678,0.93126,0.88675,0.92539,0.67488,0.96637,0.56448,1.17213,0.000659162,0.000659162,0.000659162
655,1707.56,0.76014,0.52872,1.03578,0.92366,0.87438,0.9203,0.66737,0.97585,0.5777,1.17007,0.000657983,0.000657983,0.000657983
656,1710.13,0.77251,0.53048,1.04537,0.92549,0.87977,0.91917,0.66867,0.98307,0.59326,1.17392,0.000656804,0.000656804,0.000656804
657,1712.69,0.75331,0.52511,1.03898,0.90974,0.88229,0.92134,0.6766,0.96293,0.59051,1.16516,0.000655625,0.000655625,0.000655625
658,1715.25,0.76181,0.52553,1.03647,0.92522,0.86396,0.92077,0.67643,0.96466,0.59019,1.16508,0.000654446,0.000654446,0.000654446
659,1717.82,0.74361,0.52769,1.03675,0.93505,0.8499,0.91569,0.67205,0.95332,0.58552,1.15154,0.000653267,0.000653267,0.000653267
660,1720.39,0.7621,0.52459,1.03917,0.90237,0.88299,0.91465,0.65907,0.98228,0.60805,1.17594,0.000652088,0.000652088,0.000652088
661,1722.95,0.75124,0.53176,1.03425,0.93912,0.86669,0.91904,0.67112,0.97046,0.59213,1.16589,0.000650909,0.000650909,0.000650909
662,1725.52,0.74363,0.52827,1.03338,0.94985,0.86501,0.92149,0.67729,0.94831,0.57986,1.15662,0.000649731,0.000649731,0.000649731
663,1728.14,0.74907,0.52767,1.03573,0.94584,0.86617,0.91932,0.67471,0.95063,0.58735,1.15586,0.000648552,0.000648552,0.000648552
664,1730.72,0.72783,0.50753,1.02005,0.93241,0.85672,0.91362,0.66814,0.96696,0.60176,1.16318,0.000647373,0.000647373,0.000647373
665,1733.31,0.77315,0.5395,1.0479,0.92152,0.8646,0.91992,0.67969,0.94986,0.59421,1.15522,0.000646194,0.000646194,0.000646194
666,1735.9,0.75276,0.53369,1.03919,0.92939,0.85463,0.91964,0.67712,0.95926,0.60211,1.16079,0.000645015,0.000645015,0.000645015
667,1738.48,0.75311,0.52061,1.02518,0.90316,0.83687,0.90685,0.63693,1.04571,0.66067,1.22113,0.000643836,0.000643836,0.000643836
668,1741.04,0.7661,0.53498,1.04276,0.92335,0.84056,0.91434,0.6546,0.99849,0.63701,1.18576,0.000642657,0.000642657,0.000642657
669,1743.61,0.74281,0.52548,1.03051,0.92568,0.8787,0.9217,0.67132,0.96094,0.58387,1.16931,0.000641478,0.000641478,0.000641478
670,1746.19,0.76619,0.52978,1.03808,0.92455,0.87674,0.91656,0.6725,0.94977,0.58455,1.15981,0.000640299,0.000640299,0.000640299
671,1748.77,0.74979,0.52459,1.03216,0.91768,0.87766,0.91378,0.66621,0.9612,0.59914,1.16602,0.00063912,0.00063912,0.00063912
672,1751.33,0.75236,0.51915,1.02966,0.91139,0.87712,0.91512,0.66407,0.97632,0.6068,1.17794,0.000637941,0.000637941,0.000637941
673,1753.91,0.7556,0.51764,1.02532,0.94563,0.84895,0.91583,0.6651,0.96913,0.60871,1.17621,0.000636762,0.000636762,0.000636762
674,1756.48,0.75558,0.52729,1.02731,0.91463,0.87266,0.91202,0.65876,0.99227,0.61869,1.19319,0.000635583,0.000635583,0.000635583
675,1759.05,0.7608,0.53189,1.03357,0.91975,0.87587,0.91655,0.66692,0.97133,0.59547,1.17396,0.000634405,0.000634405,0.000634405
676,1761.64,0.75203,0.53287,1.036,0.91689,0.88022,0.91515,0.6596,0.98278,0.59868,1.18277,0.000633226,0.000633226,0.000633226
677,1764.23,0.7545,0.52774,1.03746,0.92432,0.87957,0.92074,0.67702,0.9479,0.57416,1.16246,0.000632047,0.000632047,0.000632047
678,1766.81,0.76374,0.52242,1.03568,0.94469,0.87459,0.92127,0.67531,0.96271,0.57768,1.16123,0.000630868,0.000630868,0.000630868
679,1769.4,0.74876,0.52139,1.03229,0.9489,0.86457,0.92493,0.67672,0.95638,0.57267,1.17141,0.000629689,0.000629689,0.000629689
680,1771.97,0.74791,0.52108,1.03102,0.93097,0.86487,0.91861,0.67469,0.95464,0.59283,1.16675,0.00062851,0.00062851,0.00062851
681,1774.54,0.74389,0.5262,1.03187,0.9414,0.85771,0.92433,0.68558,0.93933,0.56546,1.15403,0.000627331,0.000627331,0.000627331
682,1777.3,0.73632,0.51544,1.02245,0.93112,0.87622,0.92384,0.68919,0.93381,0.56713,1.14545,0.000626152,0.000626152,0.000626152
683,1779.87,0.75793,0.53428,1.03926,0.93732,0.87536,0.92384,0.68469,0.93563,0.57733,1.14957,0.000624973,0.000624973,0.000624973
684,1782.44,0.74077,0.52425,1.02565,0.93522,0.8795,0.92251,0.67929,0.95215,0.57041,1.15554,0.000623794,0.000623794,0.000623794
685,1785.33,0.74631,0.52376,1.03473,0.93636,0.84978,0.91726,0.67286,0.96847,0.5881,1.16265,0.000622615,0.000622615,0.000622615
686,1787.88,0.73892,0.52086,1.02439,0.93264,0.84185,0.91464,0.66477,0.98316,0.61541,1.18006,0.000621436,0.000621436,0.000621436
687,1790.45,0.73354,0.5176,1.03231,0.94369,0.85548,0.92082,0.67596,0.959,0.5876,1.17093,0.000620257,0.000620257,0.000620257
688,1793.01,0.75031,0.52171,1.02131,0.92439,0.87112,0.92329,0.67366,0.95377,0.57243,1.17191,0.000619079,0.000619079,0.000619079
689,1795.58,0.75419,0.51874,1.03428,0.9464,0.84225,0.91841,0.66389,0.96933,0.59033,1.17863,0.0006179,0.0006179,0.0006179
690,1798.15,0.74718,0.51536,1.02943,0.94588,0.83954,0.91716,0.67001,0.95453,0.5856,1.16066,0.000616721,0.000616721,0.000616721
691,1800.75,0.74618,0.5165,1.02773,0.95467,0.85137,0.91954,0.68098,0.9496,0.57078,1.15714,0.000615542,0.000615542,0.000615542
692,1803.34,0.73378,0.51456,1.0227,0.94995,0.86268,0.92447,0.68459,0.93625,0.5655,1.15099,0.000614363,0.000614363,0.000614363
693,1805.95,0.7523,0.52597,1.03302,0.93235,0.87964,0.91915,0.67144,0.96158,0.58018,1.17888,0.000613184,0.000613184,0.000613184
694,1808.53,0.72882,0.50456,1.02039,0.94371,0.87863,0.9204,0.67346,0.94277,0.58248,1.16268,0.000612005,0.000612005,0.000612005
695,1811.11,0.74238,0.52399,1.03457,0.9491,0.85345,0.91547,0.66207,0.95956,0.60393,1.17192,0.000610826,0.000610826,0.000610826
696,1813.69,0.73553,0.51752,1.02716,0.95342,0.8452,0.91348,0.66275,0.96415,0.61087,1.16882,0.000609647,0.000609647,0.000609647
697,1816.26,0.73659,0.51282,1.02767,0.94051,0.87043,0.91876,0.67776,0.9521,0.59092,1.15766,0.000608468,0.000608468,0.000608468
698,1818.82,0.74546,0.52405,1.02739,0.95087,0.86321,0.91992,0.67898,0.94243,0.58436,1.15707,0.000607289,0.000607289,0.000607289
699,1821.4,0.74458,0.51524,1.02845,0.94145,0.87041,0.9224,0.68356,0.93002,0.56955,1.15011,0.00060611,0.00060611,0.00060611
700,1823.97,0.73375,0.51426,1.02039,0.95187,0.86102,0.92084,0.67977,0.94491,0.57449,1.16144,0.000604931,0.000604931,0.000604931
701,1826.58,0.74783,0.52435,1.02808,0.9489,0.85897,0.9193,0.67741,0.94575,0.58741,1.15471,0.000603752,0.000603752,0.000603752
702,1829.18,0.71925,0.49708,1.02242,0.94109,0.83816,0.91508,0.66849,0.95165,0.59598,1.15505,0.000602574,0.000602574,0.000602574
703,1831.75,0.73249,0.51123,1.01627,0.93022,0.8529,0.91202,0.66443,0.97057,0.59294,1.16914,0.000601395,0.000601395,0.000601395
704,1834.32,0.73111,0.5113,1.02172,0.93796,0.87488,0.91772,0.66965,0.95238,0.57428,1.16233,0.000600216,0.000600216,0.000600216
705,1836.89,0.74027,0.51577,1.02785,0.92982,0.87621,0.92139,0.67381,0.95338,0.57136,1.16133,0.000599037,0.000599037,0.000599037
706,1839.45,0.73077,0.51492,1.02519,0.93344,0.87586,0.91837,0.67643,0.95371,0.58042,1.1558,0.000597858,0.000597858,0.000597858
707,1842.01,0.72823,0.50517,1.01562,0.93927,0.8572,0.91475,0.67131,0.95541,0.58841,1.15932,0.000596679,0.000596679,0.000596679
708,1844.58,0.72731,0.50624,1.0248,0.93093,0.86501,0.9161,0.67784,0.9397,0.58507,1.15405,0.0005955,0.0005955,0.0005955
709,1847.16,0.71745,0.50731,1.01227,0.93597,0.87437,0.92122,0.67494,0.94603,0.57915,1.16368,0.000594321,0.000594321,0.000594321
710,1849.73,0.74726,0.51676,1.03111,0.93823,0.87807,0.9219,0.6771,0.95552,0.57368,1.16837,0.000593142,0.000593142,0.000593142
711,1852.31,0.76635,0.52932,1.03694,0.93281,0.86385,0.91746,0.65648,0.98728,0.60099,1.18635,0.000591963,0.000591963,0.000591963
712,1854.9,0.75037,0.52011,1.03245,0.94504,0.85208,0.92263,0.66827,0.9698,0.5884,1.17193,0.000590784,0.000590784,0.000590784
713,1857.49,0.74863,0.51293,1.02747,0.95808,0.85224,0.92433,0.67846,0.95322,0.57493,1.16295,0.000589605,0.000589605,0.000589605
714,1860.06,0.72919,0.50926,1.02048,0.94027,0.85997,0.91907,0.67854,0.95113,0.5844,1.16365,0.000588426,0.000588426,0.000588426
715,1862.61,0.73872,0.51124,1.02426,0.93998,0.85517,0.91017,0.66594,0.9598,0.59737,1.16538,0.000587248,0.000587248,0.000587248
716,1865.18,0.73488,0.51212,1.0252,0.93924,0.8511,0.91024,0.66136,0.96559,0.60528,1.17886,0.000586069,0.000586069,0.000586069
717,1867.75,0.74137,0.51641,1.03942,0.92282,0.8725,0.91856,0.67156,0.94453,0.57229,1.16015,0.00058489,0.00058489,0.00058489
718,1870.3,0.74785,0.52025,1.02895,0.93733,0.86917,0.92092,0.67867,0.94462,0.57065,1.15765,0.000583711,0.000583711,0.000583711
719,1872.88,0.73375,0.51269,1.02334,0.92227,0.87181,0.92086,0.675,0.94718,0.57224,1.16029,0.000582532,0.000582532,0.000582532
720,1875.45,0.72323,0.50583,1.0176,0.92285,0.88337,0.92333,0.68115,0.93637,0.56458,1.14847,0.000581353,0.000581353,0.000581353
721,1878.02,0.74273,0.51307,1.02252,0.91448,0.8871,0.91784,0.66745,0.96606,0.59083,1.16378,0.000580174,0.000580174,0.000580174
722,1880.63,0.72669,0.51283,1.01538,0.94595,0.85664,0.91638,0.67383,0.95145,0.58122,1.14564,0.000578995,0.000578995,0.000578995
723,1883.21,0.71765,0.49702,1.0153,0.94561,0.84234,0.90953,0.66619,0.96711,0.59802,1.15801,0.000577816,0.000577816,0.000577816
724,1885.78,0.71902,0.50089,1.02239,0.94346,0.86459,0.91592,0.68017,0.93522,0.56333,1.13721,0.000576637,0.000576637,0.000576637
725,1888.37,0.73237,0.51033,1.01295,0.94602,0.86981,0.9168,0.68092,0.93827,0.56748,1.14981,0.000575458,0.000575458,0.000575458
726,1890.93,0.71492,0.50735,1.01974,0.9326,0.87248,0.91635,0.67397,0.95337,0.57868,1.16212,0.000574279,0.000574279,0.000574279
727,1893.5,0.72674,0.49967,1.01584,0.93799,0.87567,0.92125,0.67813,0.93729,0.56819,1.15141,0.0005731,0.0005731,0.0005731
728,1896.09,0.72808,0.50433,1.02361,0.94276,0.88748,0.9219,0.67702,0.95716,0.57659,1.17025,0.000571922,0.000571922,0.000571922
729,1898.65,0.71808,0.51794,1.01496,0.9554,0.88016,0.92273,0.68211,0.94288,0.57158,1.15711,0.000570743,0.000570743,0.000570743
730,1901.22,0.71745,0.5017,1.01489,0.95113,0.87051,0.92391,0.68254,0.94388,0.56455,1.16275,0.000569564,0.000569564,0.000569564
731,1903.8,0.69826,0.49152,1.00848,0.92281,0.88985,0.9223,0.6834,0.93301,0.56127,1.15287,0.000568385,0.000568385,0.000568385
732,1906.4,0.73237,0.5107,1.02557,0.93529,0.87437,0.92124,0.6782,0.9394,0.56906,1.15743,0.000567206,0.000567206,0.000567206
733,1909.01,0.70827,0.497,1.01138,0.94965,0.86308,0.92003,0.67244,0.95776,0.56896,1.16721,0.000566027,0.000566027,0.000566027
734,1911.61,0.72229,0.50332,1.01877,0.9487,0.85513,0.92241,0.68225,0.93006,0.57173,1.14222,0.000564848,0.000564848,0.000564848
735,1914.18,0.72006,0.51071,1.01849,0.94003,0.8622,0.92381,0.67969,0.93472,0.57327,1.15824,0.000563669,0.000563669,0.000563669
736,1916.76,0.72312,0.50473,1.01735,0.93051,0.87005,0.92486,0.68326,0.93764,0.57551,1.15586,0.00056249,0.00056249,0.00056249
737,1919.34,0.72755,0.50619,1.01723,0.94068,0.82851,0.91464,0.66318,0.96568,0.61722,1.15876,0.000561311,0.000561311,0.000561311
738,1921.91,0.71296,0.49391,1.00819,0.9139,0.86688,0.91323,0.66834,0.95341,0.59685,1.1508,0.000560132,0.000560132,0.000560132
739,1924.49,0.72961,0.50188,1.0175,0.92138,0.88181,0.91495,0.67244,0.94414,0.58191,1.1525,0.000558953,0.000558953,0.000558953
740,1927.06,0.70767,0.49442,1.0097,0.94284,0.87134,0.9175,0.67856,0.92709,0.56185,1.14884,0.000557774,0.000557774,0.000557774
741,1929.64,0.73207,0.5083,1.01787,0.93951,0.85438,0.91617,0.6769,0.94863,0.5894,1.16164,0.000556595,0.000556595,0.000556595
742,1932.22,0.71024,0.49083,1.01275,0.94031,0.85817,0.91815,0.67965,0.93338,0.57786,1.15624,0.000555417,0.000555417,0.000555417
743,1934.79,0.70291,0.49618,1.01079,0.9323,0.87064,0.91801,0.676,0.93297,0.58164,1.15537,0.000554238,0.000554238,0.000554238
744,1937.37,0.70603,0.49123,1.01228,0.93939,0.8681,0.91439,0.66971,0.946,0.60663,1.16808,0.000553059,0.000553059,0.000553059
745,1939.96,0.72642,0.506,1.02206,0.9232,0.87947,0.91797,0.674,0.94841,0.58646,1.17033,0.00055188,0.00055188,0.00055188
746,1942.54,0.70178,0.49659,1.008,0.93724,0.86413,0.91807,0.67852,0.94094,0.57916,1.1653,0.000550701,0.000550701,0.000550701
747,1945.12,0.71383,0.50366,1.01536,0.93691,0.86796,0.91777,0.6782,0.94416,0.58487,1.16596,0.000549522,0.000549522,0.000549522
748,1947.71,0.69845,0.49372,1.00988,0.9293,0.85776,0.90995,0.67455,0.94896,0.60566,1.16186,0.000548343,0.000548343,0.000548343
749,1950.29,0.70946,0.49906,1.01113,0.93801,0.84774,0.91012,0.67155,0.94895,0.60398,1.16535,0.000547164,0.000547164,0.000547164
750,1952.85,0.71835,0.50567,1.02291,0.91726,0.87799,0.91877,0.67676,0.94017,0.57907,1.15852,0.000545985,0.000545985,0.000545985
751,1955.43,0.71182,0.51216,1.01344,0.92352,0.85109,0.91227,0.6631,0.96628,0.5975,1.16961,0.000544806,0.000544806,0.000544806
752,1958.03,0.70535,0.49394,1.00437,0.92675,0.8515,0.91117,0.66507,0.96535,0.59838,1.17308,0.000543627,0.000543627,0.000543627
753,1960.62,0.71856,0.50503,1.02803,0.93353,0.85501,0.91886,0.67413,0.95078,0.5886,1.16373,0.000542448,0.000542448,0.000542448
754,1963.22,0.7269,0.49697,1.02067,0.92038,0.85872,0.91528,0.68081,0.93842,0.59628,1.15618,0.000541269,0.000541269,0.000541269
755,1965.84,0.72273,0.50512,1.01579,0.92312,0.86109,0.91268,0.67693,0.94733,0.58825,1.15885,0.000540091,0.000540091,0.000540091
756,1968.42,0.71783,0.49997,1.01158,0.93783,0.86896,0.91548,0.6782,0.94119,0.57999,1.1607,0.000538912,0.000538912,0.000538912
757,1971,0.73148,0.50473,1.0252,0.94725,0.85086,0.9156,0.67843,0.94301,0.57807,1.159,0.000537733,0.000537733,0.000537733
758,1973.56,0.72158,0.50741,1.02119,0.91708,0.85465,0.91069,0.66985,0.95649,0.59427,1.15499,0.000536554,0.000536554,0.000536554
759,1976.14,0.71314,0.50156,1.00561,0.94326,0.8664,0.91299,0.67694,0.94092,0.58242,1.1513,0.000535375,0.000535375,0.000535375
760,1978.71,0.70771,0.49434,1.01666,0.95078,0.86892,0.91799,0.67926,0.93931,0.57709,1.15814,0.000534196,0.000534196,0.000534196
761,1981.28,0.72109,0.49599,1.01031,0.94713,0.87042,0.91793,0.67693,0.94771,0.58761,1.162,0.000533017,0.000533017,0.000533017
762,1983.86,0.707,0.49627,1.01344,0.94632,0.87162,0.92073,0.67992,0.93468,0.57746,1.15316,0.000531838,0.000531838,0.000531838
763,1986.43,0.72224,0.49326,1.00484,0.91658,0.87851,0.91906,0.67832,0.94092,0.58492,1.15675,0.000530659,0.000530659,0.000530659
764,1989,0.68568,0.48531,0.99986,0.93456,0.84715,0.9083,0.66701,0.9556,0.61007,1.16018,0.00052948,0.00052948,0.00052948
765,1991.61,0.71748,0.49886,1.01762,0.92206,0.85611,0.90267,0.6591,0.95208,0.60433,1.16164,0.000528301,0.000528301,0.000528301
766,1994.18,0.72254,0.49966,1.01816,0.93482,0.85575,0.90938,0.67274,0.92621,0.58136,1.14403,0.000527122,0.000527122,0.000527122
767,1996.74,0.71842,0.49751,1.00923,0.92246,0.86564,0.91247,0.67708,0.93145,0.57732,1.14824,0.000525943,0.000525943,0.000525943
768,1999.76,0.72106,0.50627,1.01748,0.91839,0.86695,0.91104,0.67041,0.9432,0.58872,1.16157,0.000524765,0.000524765,0.000524765
769,2002.31,0.71068,0.49399,1.0132,0.91719,0.85077,0.9099,0.66836,0.95229,0.5984,1.16469,0.000523586,0.000523586,0.000523586
770,2004.88,0.71179,0.49125,1.01754,0.90089,0.88162,0.91584,0.67931,0.95313,0.58836,1.16798,0.000522407,0.000522407,0.000522407
771,2007.45,0.70698,0.49787,1.01118,0.94116,0.86519,0.92079,0.68382,0.9306,0.5774,1.15131,0.000521228,0.000521228,0.000521228
772,2010.01,0.67908,0.48331,0.99792,0.93485,0.87356,0.92167,0.68318,0.92748,0.57305,1.14938,0.000520049,0.000520049,0.000520049
773,2012.56,0.70708,0.48721,1.01311,0.92638,0.87708,0.92365,0.68805,0.93219,0.56404,1.15385,0.00051887,0.00051887,0.00051887
774,2015.16,0.71478,0.49659,1.01914,0.93529,0.87848,0.92361,0.68409,0.94156,0.56413,1.1592,0.000517691,0.000517691,0.000517691
775,2017.74,0.70979,0.49204,1.0039,0.93103,0.86594,0.92039,0.67647,0.94868,0.58906,1.16832,0.000516512,0.000516512,0.000516512
776,2020.34,0.72383,0.4975,1.0134,0.89553,0.87391,0.91263,0.66645,0.96003,0.60712,1.1744,0.000515333,0.000515333,0.000515333
777,2022.92,0.71498,0.5066,1.01451,0.90575,0.86569,0.91274,0.67711,0.93009,0.5927,1.1527,0.000514154,0.000514154,0.000514154
778,2025.47,0.71693,0.499,1.01373,0.92708,0.86457,0.91588,0.68337,0.92022,0.57248,1.14443,0.000512975,0.000512975,0.000512975
779,2028.11,0.71309,0.50016,1.01839,0.943,0.85592,0.91933,0.6814,0.92471,0.57432,1.14233,0.000511796,0.000511796,0.000511796
780,2030.67,0.71989,0.50755,1.01542,0.92563,0.88469,0.91813,0.6855,0.92648,0.56785,1.14607,0.000510617,0.000510617,0.000510617
781,2033.24,0.69387,0.49472,1.00732,0.93651,0.87435,0.91997,0.68974,0.92575,0.57134,1.145,0.000509438,0.000509438,0.000509438
782,2035.83,0.70271,0.4961,1.01235,0.92126,0.87693,0.91865,0.68063,0.93354,0.57601,1.14627,0.00050826,0.00050826,0.00050826
783,2038.38,0.69714,0.49168,1.00485,0.92797,0.86092,0.91563,0.67682,0.94032,0.58568,1.15366,0.000507081,0.000507081,0.000507081
784,2040.95,0.72031,0.50844,1.01786,0.93099,0.86875,0.91731,0.68049,0.93389,0.58312,1.14452,0.000505902,0.000505902,0.000505902
785,2043.53,0.70116,0.48589,1.00349,0.93304,0.87303,0.91552,0.67293,0.95674,0.58361,1.15865,0.000504723,0.000504723,0.000504723
786,2046.13,0.71184,0.49078,1.01476,0.94251,0.8444,0.90859,0.66444,0.96412,0.61025,1.16542,0.000503544,0.000503544,0.000503544
